6f8d4a8a05770adfd2fe33fdf3c6c586efb103af	2026-05-12T15:39:06+05:30	Initial commit
55185ccbfc1f95b215bbb5067b1d27cc30f2e794	2026-05-12T10:14:14+00:00	chore: release v0.12.0
4dbf9947e63928aa9455c30a0386c222390e2309	2026-05-12T20:26:13+05:30	Merge pull request #2 from link-assistant/issue-1-040a21d753ca
cec72aff1e79c56cd49674f29a15b313b1b6ad8b	2026-05-12T15:02:04+00:00	chore: release v0.13.0
b9ca271ea7c6cb16932006e3a1991f8f121f030c	2026-05-12T21:39:42+05:30	Merge pull request #3 from link-assistant/issue-1-70671eb0ba20
b3bd5434a53cd37e88e127b47529094a9bd128c2	2026-05-12T16:15:14+00:00	chore: release v0.14.0
7a4dc808499fa5b182f79ea7d0dafd1a54fe4ff5	2026-05-12T22:42:49+05:30	Merge pull request #5 from link-assistant/issue-4-1e8c9b0d59e2
1c7ff0b2360a522bff491a868640b3985acbfb2a	2026-05-12T17:16:50+00:00	chore: release v0.15.0
abb285e9b06ed35bf6de39d9d1308f6f47eab0d3	2026-05-13T00:05:44+05:30	Merge pull request #7 from link-assistant/issue-6-d8cf53772b56
a635a78445703864bb47996321250c8ec688fb47	2026-05-12T18:39:57+00:00	chore: release v0.16.0
0ff9ef18455f6d28ff5463401b882955e820f407	2026-05-13T01:23:19+05:30	Merge pull request #11 from link-assistant/issue-10-528ad8299bfa
bb5c2c83c6fc5d0b35b26f102c40f603492d40d7	2026-05-12T19:57:30+00:00	chore: release v0.17.0
cc800673b1d76d4fa9766645bd65ab9c79b417bd	2026-05-13T02:00:18+05:30	Merge pull request #9 from link-assistant/issue-8-2ef42ad47e3f
11156476d99bab1c00b5f93cbf1a76a09ae40f06	2026-05-12T20:34:47+00:00	chore: release v0.18.0
55f4761d6c1cb87227c18bf3d2252fb1f3587044	2026-05-15T04:45:01+05:30	Merge pull request #13 from link-assistant/issue-12-8475693e3ce5
1668d9fb07ff29d73f831435280069e74846f14d	2026-05-14T23:19:10+00:00	chore: release v0.19.0
4cda79789174db9a6043e91465204bc8f4760ade	2026-05-15T06:01:11+05:30	Merge pull request #15 from link-assistant/issue-14-cea6df691135
671679d4f37f2823c600c2e07c6cf0ab43c5ae99	2026-05-15T00:36:38+00:00	chore: release v0.20.0
b40bc67d9264238ba77ae65528beeddc3bc3d639	2026-05-15T17:50:10+05:30	Merge pull request #17 from link-assistant/issue-16-f76f85f72657
6398fdeee7c9d5e149027a5943cc262ae068e086	2026-05-15T12:24:34+00:00	chore: release v0.21.0
15b89087a5e28a97d204a79002c051ead0708bbf	2026-05-15T18:59:08+05:30	Merge pull request #19 from link-assistant/issue-18-65b2eb796b44
fe796c0614990a9c36dcb509bd8077579713fae8	2026-05-15T13:35:03+00:00	chore: release v0.22.0
82419bd5d5922169e12bb2c25d20ce2d4bdfef45	2026-05-15T19:56:39+05:30	Merge pull request #25 from link-assistant/issue-24-9083bf15af21
579379a84061d2bb2cf81453eaeac7b0c5b60eb7	2026-05-15T14:32:49+00:00	chore: release v0.23.0
08858f1ad79a734e0dbe3cf4c64e65884730510f	2026-05-15T20:51:47+05:30	Merge pull request #26 from link-assistant/issue-24-7fe6ff27055d
5151bf0f872a89b5a131bad99c48200d2f97c698	2026-05-15T15:26:13+00:00	chore: release v0.24.0
2bdfc6ce3811f9655407b4163553f830161d1825	2026-05-15T21:25:13+05:30	Merge pull request #23 from link-assistant/issue-21-0c5ffd5a0979
57e909b36627dac8eb98b0c71c2f5a52c4927758	2026-05-15T16:00:54+00:00	chore: release v0.25.0
8999cba5c417c173795a11ecdbdec78e5a276ef0	2026-05-15T22:10:07+05:30	Merge pull request #22 from link-assistant/issue-20-4275e3280a5a
c8632c18f9f767e2decc304083a20ca23225d7b8	2026-05-15T16:44:29+00:00	chore: release v0.26.0
30af5341cab033aa132d2926320dc98891777f6f	2026-05-16T01:19:25+05:30	Merge pull request #28 from link-assistant/issue-27-2a30a20dbe1d
38e577b0bb583375d0ce17c53756e73d0498e9a8	2026-05-15T19:53:37+00:00	chore: release v0.27.0
1738fc3911b77b04f708860ffb05f427731e65a2	2026-05-16T02:17:13+05:30	Merge pull request #38 from link-assistant/issue-37-43a07241273c
308df61d284d9dbedbfc724832ef18fbfa988f14	2026-05-15T20:52:19+00:00	chore: release v0.28.0
83b0c4cc80dc0a5bd417fec565e7931b9c443ebf	2026-05-16T02:27:32+05:30	Merge pull request #34 from link-assistant/issue-31-5ef83b6717f8
e71520e735a095874e1c7aaaa6efc33878719569	2026-05-15T21:01:58+00:00	chore: release v0.29.0
917dfa86a35e2c279be70630ee69356f05d087a2	2026-05-16T02:33:30+05:30	Merge pull request #33 from link-assistant/issue-29-13a9db91b72a
805c3e22ab58fe5aef2b1b5dcaa1ccfa10e6aa06	2026-05-15T21:07:50+00:00	chore: release v0.30.0
c4659ebe4218590db26048a2490efa8b18aeb75b	2026-05-16T02:39:34+05:30	Merge pull request #45 from link-assistant/issue-40-6687579f7e2e
ae6bace9904f7162bae2c95ab5bb5b48f7d04c07	2026-05-15T21:14:43+00:00	chore: release v0.31.0
1fcc0be6a62d13aa539e9bcd3abc35e7c69bb852	2026-05-16T03:11:49+05:30	Merge pull request #62 from link-assistant/issue-55-b16700e01313
49f060c7e8c46203277a3c1a58cb8675bea7a7d2	2026-05-15T21:46:10+00:00	chore: release v0.32.0
4ae115e3e862d1cf2425303e5e948280e4561874	2026-05-16T03:35:22+05:30	Merge pull request #60 from link-assistant/issue-52-3fef487eb097
21f5dc392bf9d3d5324d875a8de7ec04aa1639bf	2026-05-15T22:09:56+00:00	chore: release v0.33.0
7bd9693878330db1ccbdeb985768541cb904407f	2026-05-16T05:19:02+05:30	Merge pull request #61 from link-assistant/issue-53-78dd4669e4c6
c4f42be17f0e627dffca0d5147ffc830fe5885cf	2026-05-15T23:54:39+00:00	chore: release v0.34.0
a260d5d3179fd9af56bde928085eb827872dd677	2026-05-16T05:45:01+05:30	Merge pull request #48 from link-assistant/issue-39-4fae946b6130
319de82eddb69382aa2b558cfe6ec5219f63fbec	2026-05-16T05:45:19+05:30	Merge pull request #32 from link-assistant/issue-30-267957d5e55e
3f326f389411817f1f1701e17b4ee2f4901f9109	2026-05-16T05:45:34+05:30	Merge pull request #58 from link-assistant/issue-44-932b1a8ae8ee
0c4bf9a88ac3fd562400179ed6b0e88858142f70	2026-05-16T00:20:37+00:00	chore: release v0.35.0
f464f97b22b599b7898dabfc3f9bb2486baa2477	2026-05-16T05:50:40+05:30	Merge pull request #46 from link-assistant/issue-42-591c9157cbbf
d3a39ae61f8a6bad2a62b827932a5ae6ff4e5b5c	2026-05-16T05:53:06+05:30	Merge pull request #57 from link-assistant/issue-51-8693c8c9e174
83812c9daa96fc5fb8c22f452741bfc68b477716	2026-05-16T05:55:15+05:30	Merge pull request #59 from link-assistant/issue-50-a94d4d7b427c
ffa1ff0a94324533ae95e0676e8dd4b8c2f2a371	2026-05-16T06:05:56+05:30	Merge pull request #54 from link-assistant/issue-43-8dcfd820555c
00280fbc506365fcaf49344803d96cee3d62567a	2026-05-16T00:39:57+00:00	chore: release v0.36.0
c878bb20e6640b548608abd18b17cc63204965fd	2026-05-16T06:15:52+05:30	Merge pull request #56 from link-assistant/issue-49-15e56694c4fd
a0cd37c4d5748474ddc37beffff8be720962322a	2026-05-16T06:18:15+05:30	Merge pull request #47 from link-assistant/issue-41-a76143723c45
abad340a635a5ae707e5fa404c88147ac0a4a022	2026-05-16T00:53:18+00:00	chore: release v0.37.0
9604ed4868d355cbe142f1318a557c1f2ce491c0	2026-05-16T06:36:20+05:30	Merge pull request #36 from link-assistant/issue-35-9545df8b8566
8918cdeea523433fea25c65bbd01632bded39ad2	2026-05-16T01:11:09+00:00	chore: release v0.38.0
38ddfc5224855f825f5b08805158a8bd77472e46	2026-05-16T16:12:07+05:30	Merge pull request #75 from link-assistant/issue-70-44b958c4d15c
ce108638985e128e024faffb126ea1c60c67c352	2026-05-16T10:47:04+00:00	chore: release v0.39.0
f3ffba92b7f388b227246d9c2e431d294fc361e0	2026-05-16T16:21:03+05:30	Merge pull request #74 from link-assistant/issue-69-8073bcee0480
53552540e4286f70f2b422b090ae6c6073ef2557	2026-05-16T10:55:36+00:00	chore: release v0.40.0
08bab3fd4539291eb126d8e4942e10467443dd43	2026-05-16T16:28:14+05:30	Merge pull request #76 from link-assistant/issue-39-953cf7f12db2
933a19f9a79ce9a309d67853877da5b1fc225ef3	2026-05-16T11:02:50+00:00	chore: release v0.41.0
6b8e8eeb84da9d5f1e9a2e5d99bf79149c13efc1	2026-05-16T16:42:36+05:30	Merge pull request #77 from link-assistant/issue-72-3c64c0a31037
1caeb60b0347f3ab8c9bf20e39caae5e1a1ccfc8	2026-05-16T11:17:04+00:00	chore: release v0.42.0
56859b3b610977ef9a67f0a7b187866118bac00e	2026-05-16T17:05:45+05:30	Merge pull request #83 from link-assistant/issue-66-6832a673e048
1827ae0fa2d382636b70479b2a540185b01470df	2026-05-16T11:40:47+00:00	chore: release v0.43.0
4081237c28aa41a81b9b3b9ae4c9692bd2d123c3	2026-05-16T17:33:52+05:30	Merge pull request #85 from link-assistant/issue-84-692b1f9623db
c38d471378566734f6ff23e0a3b4c5f4232b1a8c	2026-05-16T12:08:25+00:00	chore: release v0.44.0
6ccd6d7d9770e7f298deffa76ade498e04d2f418	2026-05-16T18:40:40+05:30	Merge pull request #86 from link-assistant/issue-84-a409f6cdf36b
1ba2f63d9c4f99f4fb826c82c3af64e0396f3d20	2026-05-16T13:14:58+00:00	chore: release v0.45.0
e7222e80a39a816bc04f5e2274c2185f28f5841d	2026-05-16T20:27:49+05:30	Merge pull request #91 from link-assistant/issue-65-91402602272c
16b1048010e15dbae19ea074d32ce8d03c9dcd2b	2026-05-16T20:28:04+05:30	Merge pull request #90 from link-assistant/issue-79-602c5f160cb3
a395d85c1153bc04a996f113daaad33bec404736	2026-05-16T15:02:43+00:00	chore: release v0.46.0
ff06902fd38dcda84ee0e7f7049d8f7888693f03	2026-05-16T20:37:07+05:30	Merge pull request #88 from link-assistant/issue-71-81912fcbf3c6
6b5087ab78fe0241fe45c9731bcbc8025a2917f1	2026-05-16T20:38:49+05:30	Merge pull request #89 from link-assistant/issue-67-5020a69c37b6
2753979163bd24a287a59320d2c4e15b0d4de20d	2026-05-16T15:13:32+00:00	chore: release v0.47.0
67024d345e616eb42a27759e4d144c3d6978fd09	2026-05-16T21:26:35+05:30	Merge pull request #87 from link-assistant/issue-78-0dcc7757ac84
5e64f3a9bd33a2f617e0444cb24460966fea99d0	2026-05-16T16:01:55+00:00	chore: release v0.48.0
b2d658c1e614e3bf453a34de4b66857208bdd572	2026-05-16T22:15:05+05:30	Merge pull request #92 from link-assistant/issue-73-1b287b1b431e
b5b283c790ddfd903c8ab76764c2687a2557dd78	2026-05-16T16:50:06+00:00	chore: release v0.49.0
3c05b453b6e4948fb4b568f2d696b74b5af23230	2026-05-17T04:40:13+05:30	Merge pull request #95 from link-assistant/issue-94-ff296a0bd279
9376f14513b30b4ada7a613c9e190d2200798c4a	2026-05-16T23:15:03+00:00	chore: release v0.50.0
827fff28ac647962dddcb0d030ae1cb536acb64c	2026-05-17T15:02:48+05:30	Merge pull request #97 from link-assistant/issue-96-93a44dd34f1d
02af43b8144ca72fefcdfb85e4d6136f0f43ee36	2026-05-17T09:38:57+00:00	chore: release v0.51.0
a59f915ba18b6161695a0fa9ea3691177f8ee534	2026-05-17T15:17:47+05:30	Merge pull request #98 from link-assistant/issue-81-38c12ca65065
e57b650d7ad5c6023bad0278d032444614600a58	2026-05-17T15:23:13+05:30	Merge pull request #100 from link-assistant/issue-93-5c859a5dabc0
3ad0f1a4889307088e83b84b3bc5a812934f7129	2026-05-17T15:24:08+05:30	Merge pull request #99 from link-assistant/issue-68-c3ada29b16ee
4257a2f500bb469e012c0abec7a1176aeaa8f5b5	2026-05-17T09:58:45+00:00	chore: release v0.52.0
aebdaab02cdc61f94009ec944fd2f66605cf7307	2026-05-17T16:37:08+05:30	Merge pull request #101 from link-assistant/issue-64-0f1b4b7009f5
913f7617eb6abe331d7c7999de5458556d183c19	2026-05-17T11:12:21+00:00	chore: release v0.53.0
f7bd316851125b0103e3875fbabb553c0e041217	2026-05-17T16:59:03+05:30	Merge pull request #102 from link-assistant/issue-82-1a6565cb42da
74aaec92355dddb423e24b75c81046a7ac442eae	2026-05-17T11:35:21+00:00	chore: release v0.54.0
89e506a3a7de56396d851e55915747946f0a21ae	2026-05-18T01:29:18+05:30	Merge pull request #104 from link-assistant/issue-103-89b7776b0010
96d11856c04b47cbf0da41de4ba05d29f67ee62c	2026-05-17T20:04:01+00:00	chore: release v0.55.0
63486db6168ec370d5acd5b963d69a8fd66eeafb	2026-05-18T01:52:08+05:30	Merge pull request #106 from link-assistant/issue-105-43de79808581
4315bfa22f503685dba0067d57316c5c8ee93ce3	2026-05-17T20:28:30+00:00	chore: release v0.56.0
858ec37b004686f1b84f0b63c916fdfe66c8cd1e	2026-05-18T15:06:24+05:30	Merge pull request #109 from link-assistant/issue-108-e4fa776bf7e7
8647e8ae2d6d12e6d96debb558685f9a0eeb20c0	2026-05-18T09:41:59+00:00	chore: release v0.57.0
ead6d9578e5c2c3132ba7f768641f97cbc02f15c	2026-05-18T16:18:17+05:30	Merge pull request #111 from link-assistant/issue-110-2af174f3ddb8
eeb1eaa0eca5ef0df0598f7a40bb8c0dd6ce7385	2026-05-18T10:53:45+00:00	chore: release v0.58.0
540cb6a8c5c23cef0b473a262e420f74009ac0d6	2026-05-18T23:38:07+05:30	Merge pull request #113 from link-assistant/issue-112-248769046c3f
9a3c461c4f4c52cb5660d3966affa0bb127d767e	2026-05-18T18:14:02+00:00	chore: release v0.59.0
5cc85ce17869354bd699b97d4347529a590f09b9	2026-05-19T03:09:05+05:30	Merge pull request #114 from link-assistant/issue-107-c995aabb2aac
41c30be9b4c9cbd447fb05d2ac6f8f38898da5ab	2026-05-18T21:44:20+00:00	chore: release v0.60.0
3f05450f8a70e61182f30058f8804d1a03796eab	2026-05-19T10:03:17+05:30	Merge pull request #118 from link-assistant/issue-117-65eb42b6b7fe
929ce69fb2980dded4cdf5571b662e509a6c09c8	2026-05-19T04:38:55+00:00	chore: release v0.61.0
89cade67b8b804665e51b46590ef975e7b9a3a5b	2026-05-19T11:06:48+05:30	Merge pull request #122 from link-assistant/issue-121-2ec52977d59a
1a0de05e671d9169f282cf51f229c270c6ebbd1f	2026-05-19T11:07:36+05:30	Merge pull request #116 from link-assistant/issue-115-f9977aca33fe
de51bd4c9223042a6eec8dca88998d52b8215bed	2026-05-19T05:43:52+00:00	chore: release v0.62.0
47afc8f5fcc5bfff28f32bdc010227f86d28ef54	2026-05-19T12:30:31+05:30	Merge pull request #120 from link-assistant/issue-63-7561bb160d49
b2c3b0bc2b45fc4625ae725b5993d225c39c2b32	2026-05-19T07:06:49+00:00	chore: release v0.63.0
a7d56af91e8a5b710b5cefab0e8a1760c076d3a4	2026-05-19T13:09:13+05:30	Merge pull request #119 from link-assistant/issue-80-290e44192310
e3717f317563901fc9067d0fe5831cf0245dbee8	2026-05-19T07:45:28+00:00	chore: release v0.64.0
5529e6eb9d6f39001ee97a780ec0c52242cd0295	2026-05-19T15:19:59+05:30	Merge pull request #124 from link-assistant/issue-123-448321a27278
a2aadd315e6ac7c69fd3bfaa2daf120700cb0ae7	2026-05-19T09:56:18+00:00	chore: release v0.65.0
324468dbbc993f45078049e1e744fbf5081bf441	2026-05-19T17:46:57+05:30	Merge pull request #126 from link-assistant/issue-125-1ca670a84080
122c49056a531571c0f293fd511f78c5c1161f03	2026-05-19T17:48:31+05:30	Merge pull request #128 from link-assistant/issue-127-1af8cef2ecfb
c25a801357ea8e08f39be3d8da19f45a90abc070	2026-05-19T12:24:55+00:00	chore: release v0.66.0
1b32ad373c71190dc35077145d4c5b83c4a7ac82	2026-05-19T18:08:16+05:30	Merge pull request #130 from link-assistant/issue-129-9c664282dfea
26e8d6a011dee9fe229411883d86cac23f71f5ec	2026-05-19T12:45:13+00:00	chore: release v0.67.0
1e23ceb212d4952368d2e43fab789b24740adc7e	2026-05-19T18:42:26+05:30	Merge pull request #131 from link-assistant/issue-125-ee624abc83ec
ce43b14de1848fb39e792c766d06e8cb6aba851c	2026-05-19T13:21:20+00:00	chore: release v0.68.0
b9813d0662d5cbb852764e6f057eb12cd9e15b14	2026-05-19T19:26:48+05:30	Merge pull request #132 from link-assistant/issue-127-02b97a60aa65
b4208d23f595baff0cfdbdbabbc916595534be65	2026-05-19T14:03:12+00:00	chore: release v0.69.0
17a288659627bbfa965332ce8d8cf00f85149663	2026-05-19T22:19:05+05:30	Merge pull request #151 from link-assistant/issue-136-977a3d386e2a
c1de72af86a4128ee1f4d3792fe0187dc273b0dd	2026-05-19T16:55:23+00:00	chore: release v0.70.0
85fce6b3f341830037bff228d9a9963f951f0950	2026-05-19T22:26:22+05:30	Merge pull request #134 from link-assistant/issue-133-3a851f322caa
312f927499574139cc326842a2964afdacf49169	2026-05-19T17:04:09+00:00	chore: release v0.71.0
8b4d8c56e8a3f0ffda10e7613352687a3ac882d0	2026-05-20T00:17:18+05:30	Merge pull request #158 from link-assistant/issue-140-f298777c7c24
e4bb099218dea47b5d705ab6d26343e1b2f816c4	2026-05-19T18:57:17+00:00	chore: release v0.72.0
8d9fa46cc6d753d007c045fcece50420d82e353b	2026-05-20T03:17:36+05:30	Merge pull request #154 from link-assistant/issue-153-9ae03e768324
3e6cb6761221d24c3c097942edc263085204f7db	2026-05-19T21:54:13+00:00	chore: release v0.73.0
cf1ce5e8cd2594c2bf0e544c416704f84797cdec	2026-05-20T03:25:40+05:30	Merge pull request #170 from link-assistant/issue-168-74facaae132a
1093ff036045e27f0e38b5b513685aec6928fc1d	2026-05-20T03:29:42+05:30	Merge pull request #173 from link-assistant/issue-163-d536717f895a
7b364e0113cdb7c5646e0df1b6608b8f40fa8895	2026-05-19T22:06:12+00:00	chore: release v0.74.0
b270f201b0ea72b456c037f8f3bc8b15f7199715	2026-05-20T04:04:34+05:30	Merge pull request #175 from link-assistant/issue-152-3916072d4278
de0a6b8b3a59848751e81cece55839d430770abf	2026-05-19T22:41:42+00:00	chore: release v0.75.0
a68a92687a7c96c6c05da767f761d99b4576b0f7	2026-05-20T04:16:29+05:30	Merge pull request #176 from link-assistant/issue-160-53f4d46ed2df
ae929aaf9730067e8b7d352ebf47c9deba6443ad	2026-05-19T22:52:48+00:00	chore: release v0.76.0
cc5f20e6be643563d5b3ca658fd5511eb7504d9d	2026-05-20T14:23:43+05:30	Merge pull request #181 from link-assistant/issue-180-d9c09fe7795a
938e33cf5297384fc7e2b9936d3aa4c7209c695c	2026-05-20T09:00:38+00:00	chore: release v0.77.0
a2c88c5c7599ba88fdf23f8458b34402f62704c4	2026-05-20T16:24:28+05:30	Merge pull request #178 from link-assistant/issue-145-45527c76ca24
7ce8dca0cf33f5cec0264e9f108a4457b395f1e7	2026-05-20T11:01:29+00:00	chore: release v0.78.0
f93aaddf5df344a986390dc961b6ad691bfa57f5	2026-05-20T16:42:31+05:30	Merge pull request #177 from link-assistant/issue-149-47706e450c61
f66f46505b119b18e6137eb7e68701323c27be81	2026-05-20T11:19:05+00:00	chore: release v0.79.0
a10242d3655c6f0b29eaa687cb5df1c829e8e5f3	2026-05-20T17:34:07+05:30	Merge pull request #171 from link-assistant/issue-169-40f964916dd2
9b8320c0b60378df81e11b27be4e50e6ae065369	2026-05-20T12:10:42+00:00	chore: release v0.80.0
8a05002769c6026ba1daed8d794bc30d13420624	2026-05-20T18:31:29+05:30	Merge pull request #186 from link-assistant/issue-172-6f05b8d7064b
dd39cb901dd30e92b348e728a8b086fe8d79ab80	2026-05-20T13:08:45+00:00	chore: release v0.81.0
edd91ac38c7120dbec98e16f5fc798bc2c8c5dc2	2026-05-20T19:20:16+05:30	Merge pull request #179 from link-assistant/issue-144-c99ce65d1915
87061548be1c3445497493f7ce8a7e61cc1ea138	2026-05-20T13:57:47+00:00	chore: release v0.82.0
9eb33d55d823332b1fdd2e92613640ef279e5fc1	2026-05-20T20:49:17+05:30	Merge pull request #174 from link-assistant/issue-159-b2a5bc9f5a56
1cefb7006881c4b91b02f7863b481a655f515100	2026-05-20T15:26:28+00:00	chore: release v0.83.0
2d122eb98fe1fa11f324e143b135e859d4719760	2026-05-20T22:54:25+05:30	Merge pull request #189 from link-assistant/issue-162-3046a51f4c24
8217ecaa316654445435f1b56350da0c4a855614	2026-05-20T17:38:14+00:00	chore: release v0.84.0
d6a5e059cb6b77d0caa35aa7320bc85149aec4c7	2026-05-20T23:23:56+05:30	Merge pull request #188 from link-assistant/issue-164-9a34163b931c
83489ea621f187c030784f98cbaaa6cdb76228c7	2026-05-20T18:00:13+00:00	chore: release v0.85.0
285684166984bf8e52323b48aecfebd7bedad51f	2026-05-21T00:21:59+05:30	Merge pull request #191 from link-assistant/issue-190-8c706a31ad6a
5ceaf0d32983f550ab4f8b34a78e708800c95770	2026-05-20T18:58:57+00:00	chore: release v0.86.0
9cdb082edfe4d799607dabb68929177d933f32bd	2026-05-21T00:51:11+05:30	Merge pull request #194 from link-assistant/issue-193-64742fb93b00
393fdb88b32090fbd27b150a97e218659646a1d8	2026-05-20T19:27:01+00:00	chore: release v0.87.0
042dc575347445748418e9131788c28df198dd54	2026-05-21T20:07:52+05:30	Merge pull request #206 from link-assistant/issue-205-904afe68fe09
731517fd7b5017008f52a18b0fe92f186fe3c0fe	2026-05-21T14:44:10+00:00	chore: release v0.88.0
c537d17c6b1c1de53f57ec1f4d72a22cb9e3a4a8	2026-05-21T20:51:13+05:30	Merge pull request #203 from link-assistant/issue-183-3f4b24d7b276
d18693973e01fd18fc25168fbdea8e847bbb7bd6	2026-05-21T15:28:50+00:00	chore: release v0.89.0
3c1ac856edb4e19d8a348efcab47bade91491af4	2026-05-21T21:48:12+05:30	Merge pull request #208 from link-assistant/issue-207-40aa862c0b6e
652eb06893607400fb4ea68de9ef99235225451c	2026-05-21T16:24:29+00:00	chore: release v0.90.0
0ff1fe54659608e357f563c069e103f6bec3999e	2026-05-21T23:11:14+05:30	Merge pull request #199 from link-assistant/issue-185-5e92ccc6162c
a6f0379c7631ad4f306fe8d9ce4ed016e24c6346	2026-05-21T17:47:11+00:00	chore: release v0.91.0
0d8e7035b767c63c67be7465842c2d68387e9465	2026-05-21T23:28:48+05:30	Merge pull request #197 from link-assistant/issue-192-12a50e1d9874
0a9b51a0aac079b3c53a869d60acb7929813d0f7	2026-05-21T18:06:30+00:00	chore: release v0.92.0
5d5d6622e626855d55230314b26c5fd904584f94	2026-05-22T00:02:22+05:30	Merge pull request #211 from link-assistant/issue-210-4d285057dbda
a5acafbe4492923fbce57bdde3eea6ab1540e826	2026-05-22T00:03:42+05:30	Merge pull request #202 from link-assistant/issue-161-b6fba3b370ea
3c50c5661b6054a70d6cced5af7607dc86ee104f	2026-05-21T18:44:04+00:00	chore: release v0.93.0
2fa5169bd25d31db1e08aceb6d75db3210005076	2026-05-22T01:33:48+05:30	Merge pull request #204 from link-assistant/issue-165-ae9e3865656f
ecd76673489b452ca7e6cf2ca39d90763d55d41f	2026-05-21T20:09:45+00:00	chore: release v0.94.0
8bb008ad32e34d22ddb6ce2fa3bab1a2b742b25f	2026-05-22T01:58:00+05:30	Merge pull request #215 from link-assistant/issue-212-982e59cd9627
4831856afd77316c36133987a1821c74cc9f05a3	2026-05-21T20:34:02+00:00	chore: release v0.95.0
8d69be98c06b112b0617b4213ca3e3f82be576ae	2026-05-22T03:11:41+05:30	Merge pull request #214 from link-assistant/issue-213-ccac1dba5ff0
684c143269f4ba5b6ba1f8ee433229faf751b079	2026-05-21T21:47:29+00:00	chore: release v0.96.0
954c8e715dd23d924c14cfdd1bc69410e8864188	2026-05-22T03:47:15+05:30	Merge pull request #201 from link-assistant/issue-182-7747bbca426b
da21fe7728a2a9c86246f147648e0f9316444ee6	2026-05-22T03:53:56+05:30	Merge pull request #198 from link-assistant/issue-187-79bc77f3d485
b63c6a41c201e68b6224e37089a4f0c4eb411fb0	2026-05-21T22:30:02+00:00	chore: release v0.97.0
3cccade43169eb38d08a5af03831c1753af80355	2026-05-22T04:13:34+05:30	Merge pull request #200 from link-assistant/issue-184-8c29f506aef9
45d873cd18b06a594b763f32a402008d6356903b	2026-05-21T22:49:37+00:00	chore: release v0.98.0
d7caf77c0481bd48922e2b44e825d75ca367c3f8	2026-05-22T04:22:45+05:30	Merge pull request #219 from link-assistant/issue-218-71bece6bcc84
472766f20c941c06e6672a96167fdeda5feb3e08	2026-05-21T22:59:39+00:00	chore: release v0.99.0
1f05273d4a7ec71e0b2df5f3e9d6e633f5a5db74	2026-05-22T04:36:13+05:30	Merge pull request #220 from link-assistant/issue-195-bed514694604
68dd75a5d94ce5f29644950d6c0ff54c8d226be2	2026-05-21T23:11:35+00:00	chore: release v0.100.0
deaa6fca0476c9e92443f2bc365e791931a0caf0	2026-05-22T17:36:38+05:30	Merge pull request #225 from link-assistant/issue-224-cf105bcf1a6e
08a32a27995241794496656e93fed50702b2ff8f	2026-05-22T12:12:57+00:00	chore: release v0.101.0
eb02c66d2c68ce731c08d2780ac29fa91caac1f4	2026-05-22T20:08:36+05:30	Merge pull request #222 from link-assistant/issue-221-77aad836fb28
4f1a09d7259b358c18fad087b54e325353969465	2026-05-22T14:45:46+00:00	chore: release v0.102.0
4ec9a4051b9047dc9815d0d2bec2d2210e41a2ee	2026-05-22T21:24:45+05:30	Merge pull request #227 from link-assistant/issue-226-d5af2957ea35
98952500687c67bf8336b4379ca403af8755a6b9	2026-05-22T16:02:30+00:00	chore: release v0.103.0
96057379e86721757c8be5e5c1d7a6893d125dc8	2026-05-22T22:58:27+05:30	Merge pull request #229 from link-assistant/issue-228-f1e6cdaa38f0
183002b3dc69b458fc7c2352b98dd174eebfcc09	2026-05-22T17:36:23+00:00	chore: release v0.104.0
88cab35be6f0577e802af0b1350fd1657c3a5324	2026-05-23T02:45:33+05:30	Merge pull request #231 from link-assistant/issue-230-a9436b51254d
74d494da7115d4efe52b1569b1d69bdab4111789	2026-05-23T02:45:51+05:30	Merge pull request #233 from link-assistant/issue-232-b9341e555308
3d9cd564934d23e80aadf539d0c8fdb5694df076	2026-05-22T21:23:24+00:00	chore: release v0.105.0
ace67a0b9b41130fb177cdfd80130ae44ecb8be6	2026-05-24T04:03:08+05:30	Merge pull request #236 from link-assistant/issue-156-70f6dbdff452
a4999861759ad688f55198b893af378f3da350df	2026-05-23T22:40:21+00:00	chore: release v0.106.0
93717169992b9886583d01cb3e1587328cbd0445	2026-05-24T04:26:47+05:30	Merge pull request #235 from link-assistant/issue-157-172082bc75f4
e1467d531534af582a2f457e69695ac6861131b8	2026-05-23T23:02:47+00:00	chore: release v0.107.0
8b34510ba75c20e6f390c851b0500a72b045933c	2026-05-24T18:25:18+05:30	Merge pull request #234 from link-assistant/issue-146-3f926558fe76
e59107caf23177deae34aa55caecf1861e5eb25b	2026-05-24T18:26:08+05:30	Merge pull request #239 from link-assistant/issue-223-2a1e41a20542
6f906310cd5fc7936a242dea3d33f3ad94b1a702	2026-05-24T13:04:36+00:00	chore: release v0.108.0
1a3fdb7f71192d19e767f8cc34f86458d04fb3a4	2026-05-24T20:15:19+05:30	Merge pull request #238 from link-assistant/issue-135-e32feaf9ccfd
3b0642c71afee74ac73b5db052d045e616ab3535	2026-05-24T14:51:05+00:00	chore: release v0.109.0
188e0b0d44e0b43d32b21e04ea7035bda6460f8e	2026-05-24T23:32:29+05:30	Merge pull request #240 from link-assistant/issue-209-490a73a6457c
ff3ae9b33a7ff2ca3ac66c99f69ac5921cbc6e55	2026-05-24T18:09:25+00:00	chore: release v0.110.0
7ac09b9da23edfa00df4dfe4155ecd8123a6c22d	2026-05-25T19:36:47+05:30	Merge pull request #241 from link-assistant/issue-196-baa4327fc44a
5f536f3d76b0ce6e1811cf0220c865b22ff43f2c	2026-05-25T14:14:44+00:00	chore: release v0.111.0
63c8db468ffd9234c5c0a515954893e72c91e2f2	2026-05-25T21:09:19+05:30	Merge pull request #243 from link-assistant/issue-242-589b8e1d2946
5af1455b4a1649acb581ce19a71ea1a4fad41cb0	2026-05-25T15:46:35+00:00	chore: release v0.112.0
c0bcf3bccafeca5f5fbfd7c80479256c869e0e22	2026-05-26T01:07:46+05:30	Merge pull request #260 from link-assistant/issue-246-61ab4f8b4f3e
70479845ee20d308a26d68ff3e6472c429f95771	2026-05-25T19:44:57+00:00	chore: release v0.113.0
83be126cb97eaf68b0d5faf9d095ca7a60e4db2f	2026-05-26T01:37:34+05:30	Merge pull request #261 from link-assistant/issue-247-810952870ab9
925ad4c3d878eb1ec95a311175811df8069783d1	2026-05-25T20:14:18+00:00	chore: release v0.114.0
7ee6da34425b7d7e0cd5cf5735211b5ef7e109f6	2026-05-26T02:22:46+05:30	Merge pull request #263 from link-assistant/issue-248-ea3e948d0229
8defe4ced4a1950152d86767cfbb4e450d46fade	2026-05-25T21:02:44+00:00	chore: release v0.115.0
0b22f6b545ef3c36edfc8023b88e686520df28f2	2026-05-26T02:49:40+05:30	Merge pull request #264 from link-assistant/issue-249-6136f9213c76
4659f64e73c80dc03b581b121841ad828875425d	2026-05-25T21:26:25+00:00	chore: release v0.116.0
841d262f17569907d52d89e03aebd06f7d125149	2026-05-26T03:10:45+05:30	Merge pull request #265 from link-assistant/issue-250-be761bc3dbee
08c98a186ae3c630a2ac1b1a272278357d508028	2026-05-25T21:49:06+00:00	chore: release v0.117.0
61f3d01c2fe1f2acb75a75826635566a391b0434	2026-05-26T03:34:01+05:30	Merge pull request #266 from link-assistant/issue-251-7d593ac4bba8
2debf74d00e46596d60c5f2be5fdf3912df86f6c	2026-05-25T22:13:04+00:00	chore: release v0.118.0
b4e8448947bcdb96930204b88eeb962ae5889f24	2026-05-26T04:33:12+05:30	Merge pull request #267 from link-assistant/issue-252-b1f65d416f4a
37375be7b9d211da5f3796bace4b79ebcc2bdc93	2026-05-25T23:09:32+00:00	chore: release v0.119.0
a3a3ef195c944811834af4c8f952f2280cd554e6	2026-05-26T05:06:33+05:30	Merge pull request #268 from link-assistant/issue-253-59df91a538ab
c043cec9b20a484dcb4752ef139f18581e020157	2026-05-25T23:43:23+00:00	chore: release v0.120.0
b3670e10337a9f0cd5f1ae9be8c9a4d0ed0f6af7	2026-05-26T05:33:34+05:30	Merge pull request #269 from link-assistant/issue-254-7e0bf261bbbe
a614b45f482ef12a3d056bf527774721754a2d0c	2026-05-26T00:13:06+00:00	chore: release v0.121.0
9b63a3ef04c20b835e86cc3351bc7eaf33241762	2026-05-26T05:49:08+05:30	Merge pull request #270 from link-assistant/issue-255-4873634aa505
ced8b370d22ed3cfb78c0c7e02520dd365c5ab50	2026-05-26T00:29:47+00:00	chore: release v0.122.0
3f3ac08247d03a7d6d33e95d5a58fe6a3f0f76f3	2026-05-26T06:07:31+05:30	Merge pull request #271 from link-assistant/issue-256-585dd1cf5c16
39530ef2e71f787561f9252b72032eb81e329c3e	2026-05-26T00:48:52+00:00	chore: release v0.123.0
e359994899debfe488502bdb540cb6643334aecf	2026-05-26T10:09:24+05:30	Merge pull request #273 from link-assistant/issue-257-a276337dd027
325eb7352e1a9db79f1bb0db272102f53eba9175	2026-05-26T04:50:12+00:00	chore: release v0.124.0
2c875a7d408a844aca3bacde4b6c59eade75d674	2026-05-26T10:26:17+05:30	Merge pull request #274 from link-assistant/issue-258-d31b6cd36328
821c96099a010442dd7923ec916c42879987f160	2026-05-26T05:03:27+00:00	chore: release v0.125.0
f8ec06dcf17a123e7583b74466f7359edbb762dd	2026-05-26T11:03:08+05:30	Merge pull request #275 from link-assistant/issue-259-8addd79af1e5
c382a6709773258f07b23d46381fcc22205c2503	2026-05-26T05:43:28+00:00	chore: release v0.126.0
45d6dbbebbfc53322fdcc74290275aead4fc68b1	2026-05-26T11:30:43+05:30	Merge pull request #276 from link-assistant/issue-262-ffbf4f8b62fc
e222d2518d658b62d204d5cca7da0576cb0694d7	2026-05-26T06:08:01+00:00	chore: release v0.127.0
698bd3dde54d9b37314a1be289df8f34cb1991d3	2026-05-26T12:02:03+05:30	Merge pull request #277 from link-assistant/issue-272-faddf6c692f2
658bc1991c823de59bd2472465895c15e48e8697	2026-05-26T06:39:16+00:00	chore: release v0.128.0
66757266e968c67d8499ada2992a4a2d3ae6e965	2026-05-26T13:50:18+05:30	Merge pull request #285 from link-assistant/issue-278-f318cd644af7
f7145df5db2ab912bf6ec1118d13540ba4722a8b	2026-05-26T08:29:07+00:00	chore: release v0.129.0
15b4987b16f85bbf31be6ab000b9c31fd1a0461f	2026-05-26T14:29:33+05:30	Merge pull request #287 from link-assistant/issue-279-5ba4c6826050
6a3219a735234bad72539990290f2157697965a8	2026-05-26T09:06:12+00:00	chore: release v0.130.0
980abf3b89dc87a2bb11301a4aaadf1ce1f66da9	2026-05-26T15:12:07+05:30	Merge pull request #289 from link-assistant/issue-280-a5568cffb278
1319d47c80b19344f93bdbe5ecc62a416a2c5834	2026-05-26T09:49:57+00:00	chore: release v0.131.0
56accb2e5f22b41f0c1b826fea2fbc3cd3e4ea67	2026-05-26T15:44:49+05:30	Merge pull request #290 from link-assistant/issue-281-adb3f644d22f
045ee8ffecd1b5e52844875166afbc6b076b79c8	2026-05-26T10:20:57+00:00	chore: release v0.132.0
581a37e22a547fbdf72b3eeb9cb410c5a2b8ba9c	2026-05-26T16:36:37+05:30	Merge pull request #291 from link-assistant/issue-282-87c4ef549aa1
990f2460cfd9c2fb2e530e44ae5401e2195867cd	2026-05-26T17:09:22+05:30	Merge pull request #293 from link-assistant/issue-283-61f53327e75b
4d2c7aca8778fd3712a54713c82a2f6f01f1a295	2026-05-26T17:30:35+05:30	Merge pull request #294 from link-assistant/issue-284-ca54d46aaebc
fad7bae10187ac0b9169bb8a5037fc097a18f1f3	2026-05-26T20:05:14+05:30	Merge pull request #295 from link-assistant/issue-286-61cbbdcba27e
633aa4a6d60a2ccba096743b93d5292337313d63	2026-05-26T14:42:00+00:00	chore: release v0.133.0
aaa9b1c3b7a934d9dda9f769ccea96fc30b17e7f	2026-05-26T20:35:13+05:30	Merge pull request #296 from link-assistant/issue-288-6acac66b9387
e90404ec362ad64087cc68945f2eb37380104775	2026-05-26T15:12:00+00:00	chore: release v0.134.0
6736cb32c49d09ef43b65e97bd50da5a3a12b5e6	2026-05-26T21:15:24+05:30	Merge pull request #297 from link-assistant/issue-292-da9aaf96e0f3
eb83daf6f7f39994b11aa5e0afd5e6b86273bd10	2026-05-26T15:52:28+00:00	chore: release v0.135.0
903134c4539ba8540af31479e20a27bc3c88ab0c	2026-05-27T01:21:41+05:30	Merge pull request #305 from link-assistant/issue-298-2417e4679aef
ef12569f6f1fab893841de58574e4caf6ccfd488	2026-05-26T19:59:06+00:00	chore: release v0.136.0
2a263b650de28bb5a931b6c122b3f1cce6053d7e	2026-05-27T02:04:25+05:30	Merge pull request #306 from link-assistant/issue-299-30d5d978e553
0243c9dd6054f3d1384d1af4153b4a17ac4b734c	2026-05-26T20:40:27+00:00	chore: release v0.137.0
70dd54f91431d8f1029a6e6f1f6a97f87d39e6ac	2026-05-27T02:55:44+05:30	Merge pull request #307 from link-assistant/issue-300-873cc5bb18f5
84e7d4c1c87fc17b7d75cec6c1334b466eea4708	2026-05-27T03:20:43+05:30	Merge pull request #308 from link-assistant/issue-301-ef74e93466aa
c3f3eaed0a1f2abf53e9bd59ca005398b0a124b7	2026-05-26T21:57:26+00:00	chore: release v0.138.0
ddf3b9b4e101e0899066d1de1fa760e78c623db0	2026-05-27T03:53:35+05:30	Merge pull request #309 from link-assistant/issue-302-e7083056c95e
29376a77b9d3aeda7ecf682f193470ecf442fd39	2026-05-26T22:30:27+00:00	chore: release v0.139.0
61b7a7846240d897ea03fbccb6d686459c26fc63	2026-05-27T04:28:52+05:30	Merge pull request #310 from link-assistant/issue-303-2e2d9313f8e1
726b3d567164d4b53601dcbe90076ee0697c1a57	2026-05-26T23:05:07+00:00	chore: release v0.140.0
2387027ed3be9841fc202c2ff69a5ae98c941cc1	2026-05-27T05:05:13+05:30	Merge pull request #311 from link-assistant/issue-304-23e843eb0d56
e37f7c9ceddb1b0a3692f1d18b0223a6547b270e	2026-05-26T23:41:40+00:00	chore: release v0.141.0
32bcd5ad2084dc886547327ee83c21aa9aa068d3	2026-05-27T20:36:23+05:30	Merge pull request #318 from link-assistant/issue-312-d1d44d5118bd
1bb4d35e382644631406f0a5c1b7908169cc5df1	2026-05-27T15:13:49+00:00	chore: release v0.142.0
2e03ac735b6c5dd0469e4c2c6e1ecf8de348e61f	2026-05-28T16:23:36+05:30	Merge pull request #319 from link-assistant/issue-313-ece61791ba00
7f038231f47ebe3fb20372a0c1865d14f1b30021	2026-05-28T11:01:12+00:00	chore: release v0.143.0
eb63f9faa5df148be113b4d82773f83b1231c022	2026-05-28T16:55:39+05:30	Merge pull request #320 from link-assistant/issue-314-ed19d11ac015
8fcc13ecc07767253f42ab2f84bb53c81b7d0957	2026-05-28T11:32:32+00:00	chore: release v0.144.0
f4985fee743df2aa3ace4be69e0afa461e027546	2026-05-28T17:45:14+05:30	Merge pull request #321 from link-assistant/issue-315-2ed7e2a5be22
b57e5a8726e9efb0e99e0e22a19ce42aee545afd	2026-05-28T12:24:08+00:00	chore: release v0.145.0
b6c2d4fd46ddeff09dc0f2d38ddd407958f15dfe	2026-05-28T18:26:43+05:30	Merge pull request #322 from link-assistant/issue-316-df2ecc9c1366
9c5b75db9db71b4345d9c24f74751a8653c6d9b4	2026-05-28T13:04:13+00:00	chore: release v0.146.0
acb896b5be3cc441a803af16f651819a01e8dab3	2026-05-28T18:55:34+05:30	Merge pull request #323 from link-assistant/issue-317-a2983c165b4d
9e18aafb292f7d8a6369414af715d4f158dd2a69	2026-05-28T13:33:50+00:00	chore: release v0.147.0
b37dfe772ce3b220a08732225c16620a57f9a047	2026-05-29T13:26:52+05:30	Merge pull request #325 from link-assistant/issue-324-cf8043055ef7
bb0f9ed2e3ee2df9cf0f57f8d80345a7f10ecb42	2026-05-29T08:05:14+00:00	chore: release v0.148.0
eeca8ff5ad5ab092a5c6b31977945054adbfed88	2026-05-29T17:27:54+05:30	Merge pull request #329 from link-assistant/issue-327-ca9bee51ff14
9d620edc39243fc711e6d07b660f54d84d7456bd	2026-05-29T17:29:55+05:30	Merge pull request #328 from link-assistant/issue-326-502fcf4d3a9f
b2189789acdcf965bd72197ed279b139eabefc3e	2026-05-29T12:07:47+00:00	chore: release v0.149.0
0ecdb51959bfa2b9676366ec6d96704b93f0a271	2026-05-29T18:16:32+05:30	Merge pull request #245 from link-assistant/issue-244-75334b422fcf
91fa4157b639d55348230e0b125f66f69087ea45	2026-05-29T12:54:00+00:00	chore: release v0.150.0
932625b962479138222004b873653382a0253381	2026-05-30T00:15:28+05:30	Merge pull request #331 from link-assistant/issue-330-64d71bce5b77
5bc2474a9296ec8ee0a05a1c654916d77f06fb0d	2026-05-29T18:56:17+00:00	chore: release v0.151.0
7d863b6e03921f9f2944b1cfb156647da5e7d6ad	2026-05-30T01:53:07+05:30	Merge pull request #344 from link-assistant/issue-334-229eab37b96b
f230480300987b1a9d2135fe7d6fa111bc8f9ae2	2026-05-30T01:54:02+05:30	Merge pull request #345 from link-assistant/issue-341-7e64bf1210ad
e537a1b3bc98c0460f898c199bf05458ecc0374a	2026-05-29T20:34:17+00:00	chore: release v0.152.0
80dc5123cd527933a455a4cea893262224f7a87c	2026-05-30T05:17:52+05:30	Merge pull request #346 from link-assistant/issue-340-dbe3f3891f1b
e86f27a3bb4b1dca91d6ce5f23a2ea5b07fd0252	2026-05-29T23:55:24+00:00	chore: release v0.153.0
c21d60749bb774b40b311c3c55563df77b0983e0	2026-05-30T15:32:51+05:30	Merge pull request #348 from link-assistant/issue-347-4cd6329090e8
7cfbc02dc4a439d3ab463383908511d1b6fb3c60	2026-05-30T10:12:42+00:00	chore: release v0.154.0
792cdb741037cfde6b4e28af085cb9a5d9f1979e	2026-05-30T16:06:10+05:30	Merge pull request #351 from link-assistant/issue-332-f94cd78ff46b
6d255ee625e4986f79d68286b4d93b31f92c7898	2026-05-30T10:46:29+00:00	chore: release v0.155.0
53f89f65e8a2fdbbe32c107483ce4414ff2d0d32	2026-05-30T16:20:07+05:30	Merge pull request #352 from link-assistant/issue-333-d89656a09a4c
199a0da503487aeb9db3c5eeb093320d8645ba0a	2026-05-30T10:57:58+00:00	chore: release v0.156.0
4c002058b0a369e433af646799f6f629264e28bb	2026-05-30T18:30:40+05:30	Merge pull request #366 from link-assistant/issue-355-344578359227
2558541fe0dc90759c5a124245ba4fbb5c146de0	2026-05-30T13:08:53+00:00	chore: release v0.157.0
6c2a1f5718980d2dfc68c2186acde4ea198b43ac	2026-05-30T18:46:39+05:30	Merge pull request #354 from link-assistant/issue-353-dfccdb39bce4
41a4d1bff4f896509333b6be1deadf9d05ce16dc	2026-05-30T13:27:38+00:00	chore: release v0.158.0
dae8a06a2036493d4e12cefbbfb90e9ce397a158	2026-05-30T19:15:15+05:30	Merge pull request #367 from link-assistant/issue-356-5b81630408a3
f03fd118f5db6119b1cdf475f15c38d523d4bf58	2026-05-30T13:58:09+00:00	chore: release v0.159.0
0e15df8fbe20ab32222352a32ed2bb2d5c54746b	2026-05-30T22:02:52+05:30	Merge pull request #369 from link-assistant/issue-357-d87d54ecc72c
e5683f8100be0ab28a00517ba00927643b3f6d53	2026-05-30T16:44:38+00:00	chore: release v0.160.0
b308b20dc9c9a9a5e1a81db1b0970bf5edbc605d	2026-05-30T23:38:22+05:30	Merge pull request #370 from link-assistant/issue-358-4e868b49d9a1
6f9daa3de538b938da57775d96b74947611f7a8f	2026-05-30T18:17:29+00:00	chore: release v0.161.0
c20e5155252c37c30b5b5f7d2d0bc29b122075a4	2026-05-31T00:15:37+05:30	Merge pull request #371 from link-assistant/issue-359-5b5fb0777ee6
9095488cc4d797c1475c217ee83cf954b309ed9b	2026-05-30T18:53:07+00:00	chore: release v0.162.0
7632b05cccace49fe1f129c61f31eb5b940595b9	2026-05-31T01:08:48+05:30	Merge pull request #372 from link-assistant/issue-360-38fd6ba803ec
d43f41c1bff1c9c4640e7a364968016c2152ea57	2026-05-30T19:45:32+00:00	chore: release v0.163.0
34a9556e8790e5a974294f3473bea605067cd297	2026-05-31T03:31:27+05:30	Merge pull request #373 from link-assistant/issue-361-434488134615
71dcfd15bdb1ac0489df0bf5287ed98e7f4a905b	2026-05-30T22:08:25+00:00	chore: release v0.164.0
02a705f69adba161804d0c5926186887313a5d0c	2026-05-31T03:44:41+05:30	Merge pull request #374 from link-assistant/issue-362-7993455d57fb
2793152b08fc8d639706a75ffc602be97851f450	2026-05-30T22:21:40+00:00	chore: release v0.165.0
90cc68f1d23845cec9bb6521cbfd9e07cbd0f576	2026-05-31T04:06:41+05:30	Merge pull request #375 from link-assistant/issue-363-9f47b54135b1
0e03c30d7801109ac0232ce20856dc67efd8fc31	2026-05-30T22:43:18+00:00	chore: release v0.166.0
24e6a72ddd8629a3a972225d7be4e19bfdee3478	2026-06-01T01:49:19+05:30	Merge pull request #376 from link-assistant/issue-364-55959348860a
9e35a45b0e6e9ba1d2bbc807c5b926cca1b3def6	2026-05-31T20:26:14+00:00	chore: release v0.167.0
6d840d5d779bf7f9e78ed89081c4c3f933c9eec7	2026-06-01T02:18:29+05:30	Merge pull request #377 from link-assistant/issue-365-e5527612acd6
8280b8e4db2e0257d8b947aff1a5bab89df17f7c	2026-05-31T20:55:36+00:00	chore: release v0.168.0
0e93748c0a7c705c92b08d4891710a4a362b9919	2026-06-01T03:13:49+05:30	Merge pull request #378 from link-assistant/issue-368-485e22098964
bedb9b14e2d610766a1773d2dce7b747f7a468dc	2026-05-31T21:51:01+00:00	chore: release v0.169.0
a80c99b3debf7de903ddb5a2daaf18878a4ab670	2026-06-01T03:30:24+05:30	Merge pull request #379 from link-assistant/issue-342-95cece15bf3e
8dcd9a97497270a32ca5d287fd85dbbe07eea059	2026-05-31T22:08:31+00:00	chore: release v0.170.0
b2fb5450aba259b9bac13821aa921ede7af7615e	2026-06-01T05:45:04+05:30	Merge pull request #380 from link-assistant/issue-339-5582ebca4a27
1e7407d759662fe95ab38af58494f0ff66718481	2026-06-01T00:22:28+00:00	chore: release v0.171.0
9e249086d9cdf3f55ca3eb7a3277139933176794	2026-06-01T06:10:15+05:30	Merge pull request #384 from link-assistant/issue-335-3a1d301bdab8
fef20f5e55da3601ba71b29849cf368e8105247c	2026-06-01T06:12:07+05:30	Merge pull request #385 from link-assistant/issue-343-5a84780aaa50
928bd1f8e1b2c0a540cd4f180eed58cdad35c582	2026-06-01T00:49:41+00:00	chore: release v0.172.0
37f6d58d0d65dd43a7e1600b7748d0ebbe36321f	2026-06-01T06:28:00+05:30	Merge pull request #383 from link-assistant/issue-336-d38364ae9aa3
b8ff47d2ae68b7498c920198dc741c809097d1e7	2026-06-01T01:05:58+00:00	chore: release v0.173.0
8156b95a080bd6555da62b723e5901c0bd8932a5	2026-06-01T06:55:22+05:30	Merge pull request #381 from link-assistant/issue-338-f2a015abaa68
84de6f5a31e95305b37cb517d9da2d8a32b6f9f2	2026-06-01T01:33:48+00:00	chore: release v0.174.0
a49521904798ebf655274cbb02c777c15b286995	2026-06-01T07:27:33+05:30	Merge pull request #382 from link-assistant/issue-337-af94e05dd18c
b57e798163e8dd515ce0a3e34c22a544448db3b3	2026-06-01T02:04:38+00:00	chore: release v0.175.0
b403cb8397c5f94efae5e6f52da49de9d663a399	2026-06-02T00:56:17+05:30	Merge pull request #350 from link-assistant/issue-349-4243100887a0
b07a0a6e5e451e9e5b12408655fea6305bd9e98f	2026-06-01T19:33:47+00:00	chore: release v0.176.0
c76f32c39a09c43d374e465375cd3ec352b3bccf	2026-06-04T18:55:33+05:30	Merge pull request #387 from link-assistant/issue-386-0f7c7e8a730c
8d41023192a95eefae4ecb798e1af32d0a407d7e	2026-06-04T13:33:18+00:00	chore: release v0.177.0
a8b231ded45602c1311a27f5b22e02521f2155f2	2026-06-04T21:21:36+05:30	Merge pull request #389 from link-assistant/issue-388-874e3e436c91
2c061db7ce8d88a7f9e50252c58e5b87c773f66b	2026-06-04T15:59:30+00:00	chore: release v0.178.0
d1c8c096eec888cbcd1ee0e242880395e61618bb	2026-06-04T22:16:09+05:30	Merge pull request #391 from link-assistant/issue-390-77cb1ef33735
a23487a2d64f2f3ae63d0d84727240a7caac7080	2026-06-04T16:53:58+00:00	chore: release v0.179.0
0afac1979213c780a4f417acb30c8b53e632c5bd	2026-06-04T23:03:43+05:30	Merge pull request #393 from link-assistant/issue-392-773e82f8f031
861c6b115e79819f2a0d189be1366082e8722d65	2026-06-04T17:40:58+00:00	chore: release v0.180.0
e87a91d5fdc5b9bb4d281c0e61d76df7af9bcf7a	2026-06-05T05:05:38+05:30	Merge pull request #397 from link-assistant/issue-394-ffc1c872e3ab
466b2633da834d2ebe25e3bae91e6fe5341b69be	2026-06-04T23:44:04+00:00	chore: release v0.181.0
1d7f62c2c4eedab2b0d0c4a41706ba78e1d3d600	2026-06-08T20:10:44+05:30	Merge pull request #401 from link-assistant/issue-400-a85a0ce9c93a
302659b91485d0ee06cc843b28542f20e0a2214a	2026-06-08T14:48:29+00:00	chore: release v0.182.0
8a0edf95f216806d83b8e130ef6eb809bef6e6b4	2026-06-10T18:10:12+05:30	Merge pull request #399 from link-assistant/issue-398-b349f91c312f
eeb90af0bb39eb49afa700a96bd1493f9fbf1a55	2026-06-10T12:49:14+00:00	chore: release v0.183.0
29c91aeb37477f2689a6c7f7aeff0ea40ee8c5c8	2026-06-11T01:29:11+05:30	Merge pull request #396 from link-assistant/issue-395-3c3ab62d4f7c
fef27cdfeefbc035f05fd7160b5156cd4e659479	2026-06-10T20:10:38+00:00	chore: release v0.184.0
6903828d44f0d9922e38cdb78bc5fbcc1f78733d	2026-06-11T22:24:11+05:30	Merge pull request #413 from link-assistant/issue-412-1f5f93827186
3b9a232d506dd5af6ce9cfad9ae5f6fcd1e5a75b	2026-06-11T17:04:57+00:00	chore: release v0.185.0
6eb586078aa5e42fa13be550c90852433bd55b3d	2026-06-12T04:02:19+05:30	Merge pull request #421 from link-assistant/issue-402-3f2cf0c98030
d49a612d8f87d6895986f3bbdad2f3fda52a838c	2026-06-12T04:02:53+05:30	Merge pull request #420 from link-assistant/issue-403-f628f7845685
19c1a017035b5d1944d8cf8f5169b6ec78ea8a12	2026-06-11T22:44:23+00:00	chore: release v0.186.0
bb76ba912c3521d5ea0f3543e02f6f5394b1432a	2026-06-12T17:45:20+05:30	Merge pull request #417 from link-assistant/issue-407-b35aacab285c
f97e69951b8addd7c1b13eb1db2ce2a16b8e1ed0	2026-06-12T17:46:04+05:30	Merge pull request #422 from link-assistant/issue-409-e4c182d83efd
698aafcff40880ac6f788872d1e69573fbede352	2026-06-12T17:46:56+05:30	Merge pull request #415 from link-assistant/issue-411-1e4094a180fd
243b166c2998efe42fafa365415b993fda95b297	2026-06-12T12:29:01+00:00	chore: release v0.187.0
a262c4917fcf1465c0f400451c8aeb180f7d2aec	2026-06-12T20:29:55+05:30	Merge pull request #418 from link-assistant/issue-406-6b5da8d41f69
084dcba8c4b30ebeb462834a90e122defde909be	2026-06-12T15:10:23+00:00	chore: release v0.188.0
7527a119e713c3aba4e25f2b363bb27fe8393ff7	2026-06-13T03:32:49+05:30	Merge pull request #416 from link-assistant/issue-408-336291b4b4ef
44a93b0fea8879353026aec254dfaa4fa7dbf07c	2026-06-12T22:13:19+00:00	chore: release v0.189.0
2acdbfaf53bb08728ffb1d6cf2d7aba879d2a89f	2026-06-13T04:49:26+05:30	Merge pull request #429 from link-assistant/issue-428-7778bb0172a9
719fcb01013dab5ee3a2cf0120be5d078f14ed41	2026-06-12T23:30:04+00:00	chore: release v0.190.0
b089f5bfc1b191ce56d1db4fa90af42c31323fa2	2026-06-13T14:56:40+05:30	Merge pull request #424 from link-assistant/issue-423-85026fdc955a
3777314a9222b7c3fb40fbe70335e3031ffb9acf	2026-06-13T09:39:11+00:00	chore: release v0.191.0
1b7147f6dba50a7cd78449f38ab7ab4b1d2d13be	2026-06-13T15:38:39+05:30	Merge pull request #437 from link-assistant/issue-436-e9e553c5e92f
60d0ae2f900a1631254adc2eb78a421f9a53c8b1	2026-06-13T10:18:50+00:00	chore: release v0.192.0
3412d87404b54d88db2e90d69f815523d9de89ad	2026-06-13T16:44:58+05:30	Merge pull request #434 from link-assistant/issue-433-6671aae1da9e
3405c5c0bb16386d5a81f1d66efc22f7f5581b62	2026-06-13T11:24:57+00:00	chore: release v0.193.0
483e5b9902dd38f605be1d243954a0b3b32baae2	2026-06-13T17:08:06+05:30	Merge pull request #443 from link-assistant/issue-442-8434c56ac949
0504737c420e4f68528aaccb0d674056085a4e5c	2026-06-13T11:48:17+00:00	chore: release v0.194.0
6558bb271af631bda745ed92fa5c318328004d05	2026-06-13T18:36:26+05:30	Merge pull request #405 from skulidropek/issue-404
a793502a199039c906534ad0be89b3034fa9a8df	2026-06-13T20:43:45+05:30	Merge pull request #419 from link-assistant/issue-404-070ec3986707
3c75fc3f1ffabea5e91121546bf6132e236ba64e	2026-06-13T15:22:38+00:00	chore: release v0.195.0
b672ac44ac2500a5dcb3a70eb10907e738460a0c	2026-06-13T23:29:43+05:30	Merge pull request #455 from link-assistant/issue-454-6c17bf95f9df
c5fef6ce47486aa0f9f28b0e03e92456cb85e5be	2026-06-13T18:10:30+00:00	chore: release v0.196.0
03a108e07eec3fb93ccea00d3f82f444710a931a	2026-06-14T00:32:56+05:30	Merge pull request #450 from link-assistant/issue-449-2895c0132690
311c41b133d36b7cf58d5c4dc4e5b57bad2918e9	2026-06-13T19:13:26+00:00	chore: release v0.197.0
ab182c11d80b8c51acdf79f7a105bf8cb0b11699	2026-06-14T00:52:10+05:30	Merge pull request #430 from link-assistant/issue-427-f23ead64bdf7
ef7bb2f6cb65d5881c7f7dc0d8ea07c80a076953	2026-06-13T19:32:37+00:00	chore: release v0.198.0
af9e9bb3fb7a767e7f400c3d13fbb9b3b39277c4	2026-06-14T05:07:26+05:30	Merge pull request #452 from link-assistant/issue-451-b816faff56ec
5596bb65a2a551172f39cc4765154821dc203d46	2026-06-13T23:47:55+00:00	chore: release v0.199.0
c96a81d4a0171924ddcdd89e8c1052fa11a08954	2026-06-14T05:34:48+05:30	Merge pull request #448 from link-assistant/issue-444-647f06dbb5f1
cdad181c231a125b8b9862dee9b9115c16bc7879	2026-06-14T00:15:15+00:00	chore: release v0.200.0
955bc4914319704ed095430024f31bca7632b6b3	2026-06-14T22:10:36+05:30	Merge pull request #432 from link-assistant/issue-425-ff7d3c7e0567
0abd3f45b61a68ed2b819189d7655c3a7cd8aa07	2026-06-14T22:12:53+05:30	Merge pull request #472 from link-assistant/issue-440-23eab54bc87e
56ccb77ec05037b67dbbdbfb502d83551d262bee	2026-06-14T16:54:50+00:00	chore: release v0.201.0
dd0e32017042929b0fba9684b442204c704ec4ad	2026-06-14T22:54:57+05:30	Merge pull request #469 from link-assistant/issue-468-87c52b65bec9
f16d48af1a817a21e9882d551306ba5cca683042	2026-06-15T05:26:35+05:30	Merge pull request #480 from link-assistant/issue-479-33639d61f4f0
af41bf657ae6ca8f3fbe4ef3154685619a7193e4	2026-06-15T00:06:03+00:00	chore: release v0.202.0
3dd70f4ec3e52f1c49d3fcec3cacec8f64672780	2026-06-15T15:59:35+05:30	Merge pull request #414 from link-assistant/issue-410-e318f1ae5275
71b7dad9930ca30ac8487bf5b50a7dadcca61e60	2026-06-15T10:41:19+00:00	chore: release v0.203.0
97f3c19157ea2a3b289b360d9de6d626c2093c5c	2026-06-15T20:59:22+05:30	Merge pull request #486 from link-assistant/issue-479-51f54bbe54b1
f856d0993d4128c7a73f727209045eb733d9c8f0	2026-06-15T15:41:09+00:00	chore: release v0.204.0
43b5cfca1db16556d6edd030166c9fcc8acef0d7	2026-06-16T01:08:50+05:30	Merge pull request #487 from link-assistant/issue-479-ff9c709d56dc
6012d9d4fcdd0e592bef2cbacb40d121034fc8f9	2026-06-15T19:50:25+00:00	chore: release v0.205.0
88e6cf4e1d267f76a91989067cf17b98c7b38078	2026-06-16T12:18:50+05:30	Merge pull request #490 from link-assistant/issue-479-845c9fad1bb5
9ff27f857d8be7521ffaea369b96afb066aadaf1	2026-06-16T07:00:14+00:00	chore: release v0.206.0
e558e1cf142560f8b0eb49b7acb99284b7112b3b	2026-06-17T17:02:32+05:30	Merge pull request #510 from link-assistant/issue-479-8f9cd81c8ee9
ceffca4803cde67aa7d319f3000096ff7cb0aba9	2026-06-17T11:43:37+00:00	chore: release v0.207.0
2e740d82b830882c928cbe2610f22ec2f9ce629a	2026-06-17T21:53:24+05:30	Merge pull request #489 from link-assistant/issue-488-54ea7213044c
cd081c9ffebc5b66af37caeaf191be23ad97c517	2026-06-17T16:34:56+00:00	chore: release v0.208.0
7a8e1d6bc15fdd00c57bfb0d81b751e4cc4960be	2026-06-17T23:34:59+05:30	Merge pull request #524 from link-assistant/issue-523-d811f560cba2
a751e23daf95bf88510b2d0ca0c36dc9bd3c66e2	2026-06-17T18:16:30+00:00	chore: release v0.209.0
966ab84730052c6a0a1dc8d5f0b94e48ec711133	2026-06-18T02:30:10+05:30	Merge pull request #470 from link-assistant/issue-438-9da4a07cbf9a
6208021131b8ee69345343be3acadd4556a971f5	2026-06-17T21:11:50+00:00	chore: release v0.210.0
0f357d2e6d67804d78062a466005250708f321ea	2026-06-20T18:53:38+05:30	Merge pull request #512 from link-assistant/issue-511-26d6b8408464
af915befa705e6fdf2f63b41afa45d5b6894577d	2026-06-20T13:34:41+00:00	chore: release v0.211.0
d760d5e692ec93194c3d0e193b0e51064fd90333	2026-06-21T02:04:23+05:30	Merge pull request #542 from link-assistant/issue-541-bf330e9c749a
c8bed4d7d06e9dff206b23465cea5e3c180c0a0a	2026-06-20T20:45:59+00:00	chore: release v0.212.0
a5ccda411ec57dfc168b17cf87d101cdb460e9f7	2026-06-21T04:50:55+05:30	Merge pull request #547 from link-assistant/issue-546-00172aaf4098
11a2d9bc86a0d092d00bc407d9031aa92aa58bf4	2026-06-20T23:32:08+00:00	chore: release v0.213.0
b7e761fb9b8a5a440f1ddc1f4ea1f6dfceeebf51	2026-06-21T15:03:31+05:30	Merge pull request #549 from link-assistant/issue-548-60f357ad6440
2febec946cb34e33014c1918b2eb93c1cb10dd1b	2026-06-21T09:44:58+00:00	chore: release v0.214.0
3ed1fea0e75f8d3cfc4f897207c794ff37267e6c	2026-06-22T00:37:08+05:30	Merge pull request #551 from link-assistant/issue-550-c636b0e4075d
2ef1d2cf375569c8c6c33adfcc1564abca519d3f	2026-06-21T19:19:12+00:00	chore: release v0.215.0
3f1f7bb28da61cde6c7e9b86614a055db0cbd434	2026-06-22T01:44:48+05:30	Merge pull request #553 from link-assistant/issue-552-5268f4c1c9c2
c6b882755b5b4a45c167f3d9f9780e4de1175b19	2026-06-21T20:26:52+00:00	chore: release v0.216.0
ec472302bfd9f5951fe39d1d3e228ef7752be9c4	2026-06-22T04:40:26+05:30	Merge pull request #555 from link-assistant/issue-554-4e0842bbccb4
609d826468c439bd28be9a02524d552ccd131b9a	2026-06-21T23:21:03+00:00	chore: release v0.217.0
0ff0455f1e0ac86f09ba1a8f32254db85425ae8c	2026-06-24T21:21:12+05:30	Merge pull request #560 from link-assistant/issue-559-0655630e8231
aab983e50d220f7f4be0889de102efda1580e2e9	2026-06-24T16:02:38+00:00	chore: release v0.218.0
8186eb93661945efe45cf1da4a021f8bcaa1e28d	2026-06-24T23:37:48+05:30	Merge pull request #562 from link-assistant/issue-561-4a4fbf7162b8
fec7d291a646a0f6f6f585acf648f18a0c1c1cca	2026-06-24T18:19:46+00:00	chore: release v0.219.0
03afdde2fb54441961564d49a6852e8ab08b1b59	2026-06-25T02:27:47+05:30	Merge pull request #475 from link-assistant/issue-445-a0710028427b
d40c8b278d11842acf7969d3ae2a2f0a4a7099c9	2026-06-24T21:10:07+00:00	chore: release v0.220.0
24eb3a655818bfcc0893f827494f4cf02ca99e94	2026-06-25T03:33:47+05:30	Merge pull request #474 from link-assistant/issue-446-710c1b9886ed
366b19a5537fe786d217b5dfd447392c0186fff3	2026-06-24T22:15:38+00:00	chore: release v0.221.0
0ecc0c9a160eff3e362ea67b6d41e6cfaf3e49f0	2026-06-25T04:41:03+05:30	Merge pull request #471 from link-assistant/issue-439-416e69e14603
d78ae36b465fd9042558533fd410c300bddd093d	2026-06-24T23:22:33+00:00	chore: release v0.222.0
e4953015e110644eaa22ee48e418294f650cadc4	2026-06-25T05:20:02+05:30	Merge pull request #473 from link-assistant/issue-441-c2ce86f18d5d
5621bb8cc22a947a06b6e273dd0f20d6a257d371	2026-06-25T00:01:50+00:00	chore: release v0.223.0
e4e27b93599f99fea44129a2f377301a56ca12ba	2026-06-25T14:11:54+05:30	Merge pull request #431 from link-assistant/issue-426-b91222c50d0a
6862cc136005d4b2863ba255cdf9a9c68b08fa5b	2026-06-25T08:54:31+00:00	chore: release v0.224.0
82c933885f75c4abef6c500646e80f1bc1a13891	2026-06-26T03:40:51+05:30	Merge pull request #564 from link-assistant/issue-563-80759f540d10
28da5e4798790b8d95e37f28ca25697a5f023b22	2026-06-25T22:23:22+00:00	chore: release v0.225.0
ffe920a3b8aa572a1b01a10e954e9003cb0f6f95	2026-06-26T05:26:30+05:30	Merge pull request #565 from link-assistant/issue-456-c244f4ec8908
c7d66eaafa7098b94063c33867e496a4d7a40e62	2026-06-26T00:09:23+00:00	chore: release v0.226.0
4eeafacd73bcf835c36a87703ab03a04f874d49d	2026-06-26T05:51:10+05:30	Merge pull request #566 from link-assistant/issue-457-84121c7f4721
8ed0c31c9495d4e1ae6567ef617b2737fffd449b	2026-06-26T00:33:55+00:00	chore: release v0.227.0
305d0338cf31433c22f611a3478a523d29ed7bd5	2026-06-26T15:33:37+05:30	Merge pull request #569 from link-assistant/issue-461-f8a1ead1bd9b
7cceb90fa9f615986dc9b45e81577e31a0fad27d	2026-06-26T10:15:31+00:00	chore: release v0.228.0
1cacbf047bcd05c109e914102681a53be34e2daa	2026-06-26T15:55:24+05:30	Merge pull request #568 from link-assistant/issue-459-bf5fa6e29c78
9a64699f1c9b112a9eeebbd0abffa66a451c6ffe	2026-06-26T10:44:45+00:00	chore: release v0.229.0
c3edefc28e3895e4d92e3d36919dfbcd6d67e995	2026-06-26T16:35:10+05:30	Merge pull request #567 from link-assistant/issue-458-1fb70f7869d0
21e1f3972eb6564ca4cba609bd934fc31c918b69	2026-06-26T11:18:10+00:00	chore: release v0.230.0
b2f6200bc09be537b9202b00d697fdfe041a8611	2026-06-26T17:25:33+05:30	Merge pull request #572 from link-assistant/issue-464-006f0aa809a9
c015da615a5b02e28b55614dbd561744856d44f9	2026-06-26T12:08:03+00:00	chore: release v0.231.0
a1b92abde67195d376d697168fdba17947071fd1	2026-06-27T04:04:23+05:30	Merge pull request #570 from link-assistant/issue-460-150e2353fa44
a4efd91bbb4656cafe260e01b89f2f9e0a926dc1	2026-06-26T22:48:53+00:00	chore: release v0.232.0
49dc32a9758dddecf5405931a7e5d9b18e0aeae4	2026-06-27T19:19:29+05:30	Merge pull request #573 from link-assistant/issue-465-7f26da0327bb
15303b21b0e6d1d0b7c87141462292917149d2f3	2026-06-27T14:01:33+00:00	chore: release v0.233.0
3cba48191daf28f657e9e71d6906965676d9b425	2026-06-27T19:44:46+05:30	Merge pull request #574 from link-assistant/issue-462-81111843e5e4
a5c2af5b4e387cc6ad9eaab0527928c22d3160e4	2026-06-28T05:20:46+05:30	Merge pull request #578 from link-assistant/issue-476-d3746a602770
bf342de0c699ef467c00afa31001a052a1f7e571	2026-06-28T05:24:06+05:30	Merge pull request #577 from link-assistant/issue-477-9f87005e360d
a5f09f1d083a7a7d6dfd6aa8eb35d958e77fc38f	2026-06-28T05:33:30+05:30	Merge pull request #576 from link-assistant/issue-467-6f9c4b38431a
4ae4c2745f2394b18efbe8cab7d4c701c28f0067	2026-06-28T00:18:25+00:00	chore: release v0.234.0
deac18768b3774411975f567af264f403052f3b5	2026-06-28T07:12:03+05:30	Merge pull request #575 from link-assistant/issue-466-1d0e1e61a36c
8d08aadbe4e54f338f912b27af24050c72739c9f	2026-06-28T01:54:05+00:00	chore: release v0.235.0
16a688e196c6abc049459d7db31e01592b4e1c49	2026-06-28T21:18:07+05:30	Merge pull request #579 from link-assistant/issue-478-44b0ac622612
ae5347123b011fd10e98c65e7079b600efb3ae80	2026-06-28T16:00:18+00:00	chore: release v0.236.0
347a043f8190769e069bcfb3620bfaf02be31709	2026-06-28T22:00:11+05:30	Merge pull request #580 from link-assistant/issue-481-0f9ca0b86ab0
7e4d43ab2bb15c5727668b62a142483b580c76ef	2026-06-28T16:42:55+00:00	chore: release v0.237.0
cfa19b95ff347f2f368ff9d294c910825ee22fc7	2026-06-28T23:27:02+05:30	Merge pull request #582 from link-assistant/issue-485-c011da8f97d7
2b82251485cfd9e611124d53dd341c4bf74cbf8d	2026-06-28T23:39:07+05:30	Merge pull request #583 from link-assistant/issue-492-c714d50efef8
a80d23d9526050aa2edd0cde4cb58efe4afda3a2	2026-06-28T18:19:42+00:00	chore: release v0.238.0
eebf995ecd414a5bab61e732f396984fded7aaa2	2026-06-28T23:53:41+05:30	Merge pull request #581 from link-assistant/issue-484-0a1576cb2a86
791a3e61513893ff3d75b2ed5773e56a1d60ea0a	2026-06-28T18:51:01+00:00	chore: release v0.239.0
bb570895fb8069da3c14525100206f9249e71c02	2026-06-29T01:10:40+05:30	Merge pull request #585 from link-assistant/issue-496-d6b85662687d
f6e0b46be5e764eb38d5077692f82e99bb006a94	2026-06-28T19:53:29+00:00	chore: release v0.240.0
d5cf96f0a13735e72cb544fd359ab480dbd5d483	2026-06-29T01:44:14+05:30	Merge pull request #584 from link-assistant/issue-495-825beb6d3550
6632a4abbd329ee2b02307ff85279033d047171f	2026-06-28T20:26:44+00:00	chore: release v0.241.0
7d652d433d4f2a6905606dc0c7828595e5828b4b	2026-06-29T02:41:28+05:30	Merge pull request #588 from link-assistant/issue-505-f2954093e4d6
fa003d89aac98efe18b6b7f78c8edf30e83e3921	2026-06-28T21:23:43+00:00	chore: release v0.242.0
04ea1616a2a5febf16efe38cb8792ca48f95962e	2026-06-29T03:39:37+05:30	Merge pull request #586 from link-assistant/issue-497-bd6afe9528a4
96c6a508027655e806f692a9511cb5be9eca5d8e	2026-06-28T22:21:59+00:00	chore: release v0.243.0
05da422e95a58e798031db9fe18c267595a792cf	2026-06-29T14:34:17+05:30	Merge pull request #587 from link-assistant/issue-501-72e3bf7e95f3
354f110d3e37caa03c316ae8e56ede6ab0ad4212	2026-06-29T09:17:33+00:00	chore: release v0.244.0
ff20acb6a1b91e509aefcad01981672a5fd09307	2026-06-30T01:24:26+05:30	Merge pull request #589 from link-assistant/issue-506-466d5888efb3
8e0227cdd3a09bdd59245c2e70c290072208ea56	2026-06-29T20:07:36+00:00	chore: release v0.245.0
fc57eb764a3233d2600eaa6f5cf71527928cb78f	2026-06-30T02:14:46+05:30	Merge pull request #592 from link-assistant/issue-521-86a4d9eefeef
353673c5e6dff2a97cdaa8642417c64101760bd2	2026-06-29T20:57:32+00:00	chore: release v0.246.0
e84c972d48b73f6ce2e9dc89a26738df89c171d6	2026-06-30T03:11:28+05:30	Merge pull request #591 from link-assistant/issue-500-1fd944a3e208
261b83e17195d7cb4d9cbd8679fd770ac71ebb6f	2026-06-29T21:54:32+00:00	chore: release v0.247.0
8817e6965f0dbbfcf48c5b7e2bbe918a34910ad2	2026-06-30T06:33:07+05:30	Merge pull request #590 from link-assistant/issue-509-f7cd5519acb3
1a9a307e33b439f92c2175838e23a6a261910a2e	2026-06-30T01:15:03+00:00	chore: release v0.248.0
c4b41859c3e8fb609268b2a34752427be4706a86	2026-06-30T13:15:11+05:30	Merge pull request #594 from link-assistant/issue-508-6b6c258f1332
994a821070f739e292f2841b7d1f32fcbc9e08ab	2026-06-30T07:57:59+00:00	chore: release v0.249.0
59e9f589ec2d014b67379d0926be30f95ae003fe	2026-06-30T13:50:23+05:30	Merge pull request #593 from link-assistant/issue-507-0006123832de
3eb042ff39d64eb8d709ae82c99c63ce90f91675	2026-06-30T08:34:47+00:00	chore: release v0.250.0
7f6e67e5b65949a8ebdd83a8cba8877732880b58	2026-06-30T14:39:50+05:30	Merge pull request #596 from link-assistant/issue-595-01565ac9ae02
cb79cea74c0502614fdb65f63505aec2c9416e02	2026-06-30T09:22:02+00:00	chore: release v0.251.0
2724b7ff25cc2a9ed21d46fe7ccc414b451cae19	2026-07-01T04:15:33+05:30	Merge pull request #597 from link-assistant/issue-529-c279ceb4e86e
d9edcae28972a885c8e135e2b79e134b7ac4e304	2026-06-30T23:00:04+00:00	chore: release v0.252.0
652e72ef2aab52954313dd67d336e48827f6c789	2026-07-01T17:05:46+05:30	Merge pull request #599 from link-assistant/issue-556-4846496df8be
136990cd3c4652471e1e6b19cdce2a0889785ba7	2026-07-01T11:49:35+00:00	chore: release v0.253.0
7217ba894f3818ab1ca059d53b81c37d3374e8c7	2026-07-01T18:52:27+05:30	Merge pull request #598 from link-assistant/issue-535-a15a7ecef5a1
43e6b61f8970d13924f7b0f93917b7e7e326cc1d	2026-07-01T13:37:11+00:00	chore: release v0.254.0
944e5b0a89fc76fc7833c9c8f4ad8ca5297bfe46	2026-07-03T01:37:49+05:30	Merge pull request #601 from link-assistant/issue-538-eca4a11c39c6
bd2455f70d75f041bc8ab8b7c78c673923b6c1dd	2026-07-02T20:20:30+00:00	chore: release v0.255.0
07677a91bdc436a3656363311eaf735364079f86	2026-07-03T02:30:08+05:30	Merge pull request #609 from link-assistant/issue-607-5c67ebb8d9bf
bdff8de602d289bf686c1e3eee9e82613133e1bb	2026-07-02T21:13:50+00:00	chore: release v0.256.0
6646cfb355e586692a0af12e37bb606287bdbe09	2026-07-03T03:37:51+05:30	Merge pull request #610 from link-assistant/issue-604-a47624b9477a
477f9a67afbdee6757b81dcd4637113028995e70	2026-07-02T22:20:51+00:00	chore: release v0.257.0
516bd8455262516db2133ce361d2880885b68a4d	2026-07-03T05:00:59+05:30	Merge pull request #611 from link-assistant/issue-605-8bc8ebb665cd
7c0593f57ca59b9a91e4ca400c51552088746f94	2026-07-02T23:44:54+00:00	chore: release v0.258.0
fd223067907185d8f9550c2a1c72f3ad39174d22	2026-07-03T06:03:03+05:30	Merge pull request #612 from link-assistant/issue-603-0e0bca520555
ea19b1a1ed226a96ad2e663d44bdd1c5c4a7f817	2026-07-03T00:47:43+00:00	chore: release v0.259.0
07d8e5471fc4e0d84fe3e17ae2f4f467619aeea6	2026-07-03T07:10:51+05:30	Merge pull request #614 from link-assistant/issue-602-dd2ad19de0f3
a4c611674a324d003001728d3e637256105835e1	2026-07-03T01:54:03+00:00	chore: release v0.260.0
e0748b0a4fd33007e5b7feff7fbef2b4fe88ba5d	2026-07-03T12:42:17+05:30	Merge pull request #613 from link-assistant/issue-608-0df7a5925506
96cfc5e20f37c1f56abf99bcb328d1bf2ecc2635	2026-07-03T13:51:44+05:30	Merge pull request #615 from link-assistant/issue-606-3b82a4ca654b
c0ae359b7742ae777f0875b09ea36c403bf8856b	2026-07-03T08:34:45+00:00	chore: release v0.261.0
9f44c4e33cca92f88c83f647e3aad903b6dee546	2026-07-03T15:49:25+05:30	Merge pull request #617 from link-assistant/issue-600-742e96b0e805
db208645920b6c3845506a48c39d2d56a0ae1b78	2026-07-03T10:32:54+00:00	chore: release v0.262.0
7aee6e8ba479ecd74b0ad0fa0ed31ecca6180765	2026-07-03T18:12:15+05:30	Merge pull request #618 from link-assistant/issue-571-5e98873b3165
b231afdae90fa0875a33164c211985f4cad0e3f9	2026-07-03T12:55:16+00:00	chore: release v0.263.0
12f9c96df7fc002f6c3217c9ccc8df72c709984f	2026-07-04T02:26:33+05:30	Merge pull request #619 from link-assistant/issue-493-481b78023692
e7bcdb849370ca59a233535f2dfc6920478fb838	2026-07-03T21:10:20+00:00	chore: release v0.264.0
6f94f490f4a2cf361991932856264086c0e2a2a8	2026-07-04T03:09:11+05:30	Merge pull request #623 from link-assistant/issue-620-eafd151b1f76
6883d101f410cd1fc37d8b8039b6551ae38d8155	2026-07-03T21:52:49+00:00	chore: release v0.265.0
976107848e4c3568a7e8a976420b546668c71171	2026-07-04T03:59:26+05:30	Merge pull request #629 from link-assistant/issue-621-2a32af255191
d0b2cbdee8a9d87ff45d5f1bd2c52d8fcab6df59	2026-07-03T22:42:35+00:00	chore: release v0.266.0
714a40b6b6f8db5831a0f6a7351aa8419966e00b	2026-07-04T05:02:03+05:30	Merge pull request #630 from link-assistant/issue-626-364a4b2f02e5
8b22a9406b3747a979151af710a0a03ea29cf8df	2026-07-03T23:46:52+00:00	chore: release v0.267.0
8ab21a48e8dca858d0e3ff8a8b9c06f930ae18dc	2026-07-04T05:47:59+05:30	Merge pull request #631 from link-assistant/issue-625-199d35c218b5
a77fa04d76b7ed28c17e9242c165d73f5fe18318	2026-07-04T00:32:01+00:00	chore: release v0.268.0
200ed93a34778a7d712f4121e3baa3bd94dac48a	2026-07-04T06:53:51+05:30	Merge pull request #632 from link-assistant/issue-624-6b843e3acdbf
41658bcb8b0b08e25e19bd1a43adf36a332284d1	2026-07-04T01:37:07+00:00	chore: release v0.269.0
37579e62c74d161ea7c1f0b1b311fe67b2d0afe2	2026-07-04T07:23:52+05:30	Merge pull request #633 from link-assistant/issue-627-661b580408c8
96e9adca2a60fb195f54abf4d3b30b8b065e7b8d	2026-07-04T02:10:13+00:00	chore: release v0.270.0
fe3e243706471cf9c8aeb0e6cc865abdf59861d7	2026-07-04T17:37:52+05:30	Merge pull request #634 from link-assistant/issue-628-4d8a43226d55
5b6214b3418c49cb3dddda0c2cb05b401ee44a5f	2026-07-04T12:22:08+00:00	chore: release v0.271.0
5a7ba80ce167da49b9ced5047bbce99b17c095dd	2026-07-04T20:21:27+05:30	Merge pull request #636 from link-assistant/issue-622-049b4f5eff46
fc5ee4342c8456a0d39e15eb7dd1ee6e1199e52f	2026-07-04T15:05:42+00:00	chore: release v0.272.0
c1f7bbeab7c289f9aa149f3fb8b029bc30a10a3f	2026-07-04T22:32:21+05:30	Merge pull request #635 from link-assistant/issue-526-215ae32f521b
d05dc16dce5e2fcd448940396cfcbfe16c45ee44	2026-07-04T17:16:23+00:00	chore: release v0.273.0
027df1227cfd800dd40fe6a675d5eaf158fdb1a5	2026-07-06T04:28:02+05:30	Merge pull request #637 from link-assistant/issue-558-39b8470b93dc
d6b3a89c397f4285bc21b7976327658f5f3d3bd8	2026-07-07T21:29:27+05:30	Merge pull request #638 from link-assistant/issue-527-6a3eb41de78a
57b8f3adc720e195538635030218a090c84f53e6	2026-07-07T16:15:49+00:00	chore: release v0.274.0
db27fddb059bcd65cb911b18eba0517a18143ee3	2026-07-09T12:22:58+05:30	Merge pull request #640 from link-assistant/issue-498-9381dddf8c21
110a203c37eeb2948e6014fac4d2c46c34edd9c6	2026-07-09T07:35:48+00:00	chore: release v0.275.0
0015ad212835e987292fdb804c2afe073c900f9f	2026-07-09T14:45:06+05:30	Merge pull request #641 from link-assistant/issue-499-110e4e5b9539
1d7097d55fa0bd7c4d8f1c7b146968669615bf6d	2026-07-09T09:35:27+00:00	chore: release v0.276.0
2eac7f70b56304c9fa1d5dd4bd389c204db0e804	2026-07-12T17:58:27+05:30	Merge pull request #645 from link-assistant/issue-540-daaf4da2188a
6b7a588f5f0ca9e23a517c6f387fca11bb830511	2026-07-12T12:48:49+00:00	chore: release v0.277.0
31d3ac7c8f9046ac7dcc59360f3f8ad5d9443dad	2026-07-12T20:19:31+05:30	Merge pull request #648 from link-assistant/issue-647-ee229e289e45
6a19a72c937750673a4c5390a7c4ec7290530e84	2026-07-12T15:07:34+00:00	chore: release v0.278.0
2dcaeee4c05630570a6c7bba25e0863aabc142ac	2026-07-13T05:18:05+05:30	Merge pull request #653 from link-assistant/issue-650-412272077860
a78f5600a31be2439148fe2ac54863f6c16c5ee6	2026-07-13T00:04:49+00:00	chore: release v0.279.0
a365c8f4a367ee0b1ba292c5cc7fd36a83c02c51	2026-07-13T12:32:23+05:30	Merge pull request #675 from link-assistant/issue-649-cb862fc80246
84ec40ac1dca237d23eca3ccf0b2e7cb6a81f7ea	2026-07-13T07:20:49+00:00	chore: release v0.280.0
d3f981fef27015d9655931611a55508f1fed25a3	2026-07-13T13:13:12+05:30	Merge pull request #677 from link-assistant/issue-654-6d834f50dc21
455c692328aa06430324a460a9291022bb947032	2026-07-13T08:02:25+00:00	chore: release v0.281.0
5e7bf0947dc26523c57fca86d072d180457f1525	2026-07-13T15:44:24+05:30	Merge pull request #678 from link-assistant/issue-676-ea3feeb860dc
e25d521fe51d6ab437de6a53f0ff2db9a18c770c	2026-07-13T10:34:02+00:00	chore: release v0.282.0
b75b99e9b41d7d434590d335ecdc23edd497535d	2026-07-14T00:06:12+05:30	Merge pull request #639 from link-assistant/issue-482-aaf2da83253d
1561652a83a94f6ff60ef0e76014a576393a635d	2026-07-13T18:53:58+00:00	chore: release v0.283.0
4c7e99b8551baf7b2e4e6f4ac45f5952e2eb959d	2026-07-14T00:39:59+05:30	Merge pull request #679 from link-assistant/issue-655-352ae09c0c14
b9a320a5bce3950b08b56c509d2074ebae52b8bd	2026-07-13T19:31:33+00:00	chore: release v0.284.0
64cb3b8492e8e4af403287aecf3a6932efc174a3	2026-07-14T12:10:43+05:30	Merge pull request #683 from link-assistant/issue-680-795d4fb2b64f
414c19ed685e9159ad3823f7e53d583c46ae0f67	2026-07-14T06:59:21+00:00	chore: release v0.285.0
24a9acc6cb7587bb81282e25fd1cca26dc38beab	2026-07-14T16:38:47+05:30	docs: sync vision/goals/roadmap with the 2026-07-14 requirement audit (issue #651)
d7b31950aad59c5fadb926d6f64cf5c9884770e3	2026-07-14T11:23:11+00:00	chore: release v0.286.0
56d865bda2fa3dfe712395744c058e0bbf120e8d	2026-07-14T17:29:13+05:30	docs: reconcile documentation with the codebase
95827d96d13280bb69ff6f011c499cc25ed55d00	2026-07-14T12:19:39+00:00	chore: release v0.287.0
0310d7f703ac918d7699c9ef30c8a5133962af33	2026-07-14T20:14:02+05:30	Merge pull request #684 from link-assistant/issue-681-5dc4419f2eb7
9396ef3b7e983e1c47956129f72bae5a96bdb078	2026-07-14T15:02:20+00:00	chore: release v0.288.0
5caad27cfb1fea091f4062fee9d0f8daa925f2af	2026-07-14T22:21:55+05:30	Merge pull request #685 from link-assistant/issue-682-6b8246dfc2bf
0b29af6ec538f1f8ab20087e4e9528aa808e3f89	2026-07-14T17:10:18+00:00	chore: release v0.289.0
fcf81f69fea3167470b73f174abfaa39bab1e023	2026-07-14T21:34:08+00:00	Initial commit with task details
