2:55185ccbfc1f95b215bbb5067b1d27cc30f2e794	2026-05-12T10:14:14+00:00	chore: release v0.12.0
4:cec72aff1e79c56cd49674f29a15b313b1b6ad8b	2026-05-12T15:02:04+00:00	chore: release v0.13.0
6:b3bd5434a53cd37e88e127b47529094a9bd128c2	2026-05-12T16:15:14+00:00	chore: release v0.14.0
8:1c7ff0b2360a522bff491a868640b3985acbfb2a	2026-05-12T17:16:50+00:00	chore: release v0.15.0
10:a635a78445703864bb47996321250c8ec688fb47	2026-05-12T18:39:57+00:00	chore: release v0.16.0
12:bb5c2c83c6fc5d0b35b26f102c40f603492d40d7	2026-05-12T19:57:30+00:00	chore: release v0.17.0
14:11156476d99bab1c00b5f93cbf1a76a09ae40f06	2026-05-12T20:34:47+00:00	chore: release v0.18.0
16:1668d9fb07ff29d73f831435280069e74846f14d	2026-05-14T23:19:10+00:00	chore: release v0.19.0
18:671679d4f37f2823c600c2e07c6cf0ab43c5ae99	2026-05-15T00:36:38+00:00	chore: release v0.20.0
20:6398fdeee7c9d5e149027a5943cc262ae068e086	2026-05-15T12:24:34+00:00	chore: release v0.21.0
22:fe796c0614990a9c36dcb509bd8077579713fae8	2026-05-15T13:35:03+00:00	chore: release v0.22.0
24:579379a84061d2bb2cf81453eaeac7b0c5b60eb7	2026-05-15T14:32:49+00:00	chore: release v0.23.0
26:5151bf0f872a89b5a131bad99c48200d2f97c698	2026-05-15T15:26:13+00:00	chore: release v0.24.0
28:57e909b36627dac8eb98b0c71c2f5a52c4927758	2026-05-15T16:00:54+00:00	chore: release v0.25.0
30:c8632c18f9f767e2decc304083a20ca23225d7b8	2026-05-15T16:44:29+00:00	chore: release v0.26.0
32:38e577b0bb583375d0ce17c53756e73d0498e9a8	2026-05-15T19:53:37+00:00	chore: release v0.27.0
34:308df61d284d9dbedbfc724832ef18fbfa988f14	2026-05-15T20:52:19+00:00	chore: release v0.28.0
36:e71520e735a095874e1c7aaaa6efc33878719569	2026-05-15T21:01:58+00:00	chore: release v0.29.0
38:805c3e22ab58fe5aef2b1b5dcaa1ccfa10e6aa06	2026-05-15T21:07:50+00:00	chore: release v0.30.0
40:ae6bace9904f7162bae2c95ab5bb5b48f7d04c07	2026-05-15T21:14:43+00:00	chore: release v0.31.0
42:49f060c7e8c46203277a3c1a58cb8675bea7a7d2	2026-05-15T21:46:10+00:00	chore: release v0.32.0
44:21f5dc392bf9d3d5324d875a8de7ec04aa1639bf	2026-05-15T22:09:56+00:00	chore: release v0.33.0
46:c4f42be17f0e627dffca0d5147ffc830fe5885cf	2026-05-15T23:54:39+00:00	chore: release v0.34.0
50:0c4bf9a88ac3fd562400179ed6b0e88858142f70	2026-05-16T00:20:37+00:00	chore: release v0.35.0
55:00280fbc506365fcaf49344803d96cee3d62567a	2026-05-16T00:39:57+00:00	chore: release v0.36.0
58:abad340a635a5ae707e5fa404c88147ac0a4a022	2026-05-16T00:53:18+00:00	chore: release v0.37.0
60:8918cdeea523433fea25c65bbd01632bded39ad2	2026-05-16T01:11:09+00:00	chore: release v0.38.0
62:ce108638985e128e024faffb126ea1c60c67c352	2026-05-16T10:47:04+00:00	chore: release v0.39.0
64:53552540e4286f70f2b422b090ae6c6073ef2557	2026-05-16T10:55:36+00:00	chore: release v0.40.0
66:933a19f9a79ce9a309d67853877da5b1fc225ef3	2026-05-16T11:02:50+00:00	chore: release v0.41.0
68:1caeb60b0347f3ab8c9bf20e39caae5e1a1ccfc8	2026-05-16T11:17:04+00:00	chore: release v0.42.0
70:1827ae0fa2d382636b70479b2a540185b01470df	2026-05-16T11:40:47+00:00	chore: release v0.43.0
72:c38d471378566734f6ff23e0a3b4c5f4232b1a8c	2026-05-16T12:08:25+00:00	chore: release v0.44.0
74:1ba2f63d9c4f99f4fb826c82c3af64e0396f3d20	2026-05-16T13:14:58+00:00	chore: release v0.45.0
77:a395d85c1153bc04a996f113daaad33bec404736	2026-05-16T15:02:43+00:00	chore: release v0.46.0
80:2753979163bd24a287a59320d2c4e15b0d4de20d	2026-05-16T15:13:32+00:00	chore: release v0.47.0
82:5e64f3a9bd33a2f617e0444cb24460966fea99d0	2026-05-16T16:01:55+00:00	chore: release v0.48.0
84:b5b283c790ddfd903c8ab76764c2687a2557dd78	2026-05-16T16:50:06+00:00	chore: release v0.49.0
86:9376f14513b30b4ada7a613c9e190d2200798c4a	2026-05-16T23:15:03+00:00	chore: release v0.50.0
88:02af43b8144ca72fefcdfb85e4d6136f0f43ee36	2026-05-17T09:38:57+00:00	chore: release v0.51.0
92:4257a2f500bb469e012c0abec7a1176aeaa8f5b5	2026-05-17T09:58:45+00:00	chore: release v0.52.0
94:913f7617eb6abe331d7c7999de5458556d183c19	2026-05-17T11:12:21+00:00	chore: release v0.53.0
96:74aaec92355dddb423e24b75c81046a7ac442eae	2026-05-17T11:35:21+00:00	chore: release v0.54.0
98:96d11856c04b47cbf0da41de4ba05d29f67ee62c	2026-05-17T20:04:01+00:00	chore: release v0.55.0
100:4315bfa22f503685dba0067d57316c5c8ee93ce3	2026-05-17T20:28:30+00:00	chore: release v0.56.0
102:8647e8ae2d6d12e6d96debb558685f9a0eeb20c0	2026-05-18T09:41:59+00:00	chore: release v0.57.0
104:eeb1eaa0eca5ef0df0598f7a40bb8c0dd6ce7385	2026-05-18T10:53:45+00:00	chore: release v0.58.0
106:9a3c461c4f4c52cb5660d3966affa0bb127d767e	2026-05-18T18:14:02+00:00	chore: release v0.59.0
108:41c30be9b4c9cbd447fb05d2ac6f8f38898da5ab	2026-05-18T21:44:20+00:00	chore: release v0.60.0
110:929ce69fb2980dded4cdf5571b662e509a6c09c8	2026-05-19T04:38:55+00:00	chore: release v0.61.0
113:de51bd4c9223042a6eec8dca88998d52b8215bed	2026-05-19T05:43:52+00:00	chore: release v0.62.0
115:b2c3b0bc2b45fc4625ae725b5993d225c39c2b32	2026-05-19T07:06:49+00:00	chore: release v0.63.0
117:e3717f317563901fc9067d0fe5831cf0245dbee8	2026-05-19T07:45:28+00:00	chore: release v0.64.0
119:a2aadd315e6ac7c69fd3bfaa2daf120700cb0ae7	2026-05-19T09:56:18+00:00	chore: release v0.65.0
122:c25a801357ea8e08f39be3d8da19f45a90abc070	2026-05-19T12:24:55+00:00	chore: release v0.66.0
124:26e8d6a011dee9fe229411883d86cac23f71f5ec	2026-05-19T12:45:13+00:00	chore: release v0.67.0
126:ce43b14de1848fb39e792c766d06e8cb6aba851c	2026-05-19T13:21:20+00:00	chore: release v0.68.0
128:b4208d23f595baff0cfdbdbabbc916595534be65	2026-05-19T14:03:12+00:00	chore: release v0.69.0
130:c1de72af86a4128ee1f4d3792fe0187dc273b0dd	2026-05-19T16:55:23+00:00	chore: release v0.70.0
132:312f927499574139cc326842a2964afdacf49169	2026-05-19T17:04:09+00:00	chore: release v0.71.0
134:e4bb099218dea47b5d705ab6d26343e1b2f816c4	2026-05-19T18:57:17+00:00	chore: release v0.72.0
136:3e6cb6761221d24c3c097942edc263085204f7db	2026-05-19T21:54:13+00:00	chore: release v0.73.0
139:7b364e0113cdb7c5646e0df1b6608b8f40fa8895	2026-05-19T22:06:12+00:00	chore: release v0.74.0
141:de0a6b8b3a59848751e81cece55839d430770abf	2026-05-19T22:41:42+00:00	chore: release v0.75.0
143:ae929aaf9730067e8b7d352ebf47c9deba6443ad	2026-05-19T22:52:48+00:00	chore: release v0.76.0
145:938e33cf5297384fc7e2b9936d3aa4c7209c695c	2026-05-20T09:00:38+00:00	chore: release v0.77.0
147:7ce8dca0cf33f5cec0264e9f108a4457b395f1e7	2026-05-20T11:01:29+00:00	chore: release v0.78.0
149:f66f46505b119b18e6137eb7e68701323c27be81	2026-05-20T11:19:05+00:00	chore: release v0.79.0
151:9b8320c0b60378df81e11b27be4e50e6ae065369	2026-05-20T12:10:42+00:00	chore: release v0.80.0
153:dd39cb901dd30e92b348e728a8b086fe8d79ab80	2026-05-20T13:08:45+00:00	chore: release v0.81.0
155:87061548be1c3445497493f7ce8a7e61cc1ea138	2026-05-20T13:57:47+00:00	chore: release v0.82.0
157:1cefb7006881c4b91b02f7863b481a655f515100	2026-05-20T15:26:28+00:00	chore: release v0.83.0
159:8217ecaa316654445435f1b56350da0c4a855614	2026-05-20T17:38:14+00:00	chore: release v0.84.0
161:83489ea621f187c030784f98cbaaa6cdb76228c7	2026-05-20T18:00:13+00:00	chore: release v0.85.0
163:5ceaf0d32983f550ab4f8b34a78e708800c95770	2026-05-20T18:58:57+00:00	chore: release v0.86.0
165:393fdb88b32090fbd27b150a97e218659646a1d8	2026-05-20T19:27:01+00:00	chore: release v0.87.0
167:731517fd7b5017008f52a18b0fe92f186fe3c0fe	2026-05-21T14:44:10+00:00	chore: release v0.88.0
169:d18693973e01fd18fc25168fbdea8e847bbb7bd6	2026-05-21T15:28:50+00:00	chore: release v0.89.0
171:652eb06893607400fb4ea68de9ef99235225451c	2026-05-21T16:24:29+00:00	chore: release v0.90.0
173:a6f0379c7631ad4f306fe8d9ce4ed016e24c6346	2026-05-21T17:47:11+00:00	chore: release v0.91.0
175:0a9b51a0aac079b3c53a869d60acb7929813d0f7	2026-05-21T18:06:30+00:00	chore: release v0.92.0
178:3c50c5661b6054a70d6cced5af7607dc86ee104f	2026-05-21T18:44:04+00:00	chore: release v0.93.0
180:ecd76673489b452ca7e6cf2ca39d90763d55d41f	2026-05-21T20:09:45+00:00	chore: release v0.94.0
182:4831856afd77316c36133987a1821c74cc9f05a3	2026-05-21T20:34:02+00:00	chore: release v0.95.0
184:684c143269f4ba5b6ba1f8ee433229faf751b079	2026-05-21T21:47:29+00:00	chore: release v0.96.0
187:b63c6a41c201e68b6224e37089a4f0c4eb411fb0	2026-05-21T22:30:02+00:00	chore: release v0.97.0
189:45d873cd18b06a594b763f32a402008d6356903b	2026-05-21T22:49:37+00:00	chore: release v0.98.0
191:472766f20c941c06e6672a96167fdeda5feb3e08	2026-05-21T22:59:39+00:00	chore: release v0.99.0
193:68dd75a5d94ce5f29644950d6c0ff54c8d226be2	2026-05-21T23:11:35+00:00	chore: release v0.100.0
195:08a32a27995241794496656e93fed50702b2ff8f	2026-05-22T12:12:57+00:00	chore: release v0.101.0
197:4f1a09d7259b358c18fad087b54e325353969465	2026-05-22T14:45:46+00:00	chore: release v0.102.0
199:98952500687c67bf8336b4379ca403af8755a6b9	2026-05-22T16:02:30+00:00	chore: release v0.103.0
201:183002b3dc69b458fc7c2352b98dd174eebfcc09	2026-05-22T17:36:23+00:00	chore: release v0.104.0
204:3d9cd564934d23e80aadf539d0c8fdb5694df076	2026-05-22T21:23:24+00:00	chore: release v0.105.0
206:a4999861759ad688f55198b893af378f3da350df	2026-05-23T22:40:21+00:00	chore: release v0.106.0
208:e1467d531534af582a2f457e69695ac6861131b8	2026-05-23T23:02:47+00:00	chore: release v0.107.0
211:6f906310cd5fc7936a242dea3d33f3ad94b1a702	2026-05-24T13:04:36+00:00	chore: release v0.108.0
213:3b0642c71afee74ac73b5db052d045e616ab3535	2026-05-24T14:51:05+00:00	chore: release v0.109.0
215:ff3ae9b33a7ff2ca3ac66c99f69ac5921cbc6e55	2026-05-24T18:09:25+00:00	chore: release v0.110.0
217:5f536f3d76b0ce6e1811cf0220c865b22ff43f2c	2026-05-25T14:14:44+00:00	chore: release v0.111.0
219:5af1455b4a1649acb581ce19a71ea1a4fad41cb0	2026-05-25T15:46:35+00:00	chore: release v0.112.0
221:70479845ee20d308a26d68ff3e6472c429f95771	2026-05-25T19:44:57+00:00	chore: release v0.113.0
223:925ad4c3d878eb1ec95a311175811df8069783d1	2026-05-25T20:14:18+00:00	chore: release v0.114.0
225:8defe4ced4a1950152d86767cfbb4e450d46fade	2026-05-25T21:02:44+00:00	chore: release v0.115.0
227:4659f64e73c80dc03b581b121841ad828875425d	2026-05-25T21:26:25+00:00	chore: release v0.116.0
229:08c98a186ae3c630a2ac1b1a272278357d508028	2026-05-25T21:49:06+00:00	chore: release v0.117.0
231:2debf74d00e46596d60c5f2be5fdf3912df86f6c	2026-05-25T22:13:04+00:00	chore: release v0.118.0
233:37375be7b9d211da5f3796bace4b79ebcc2bdc93	2026-05-25T23:09:32+00:00	chore: release v0.119.0
235:c043cec9b20a484dcb4752ef139f18581e020157	2026-05-25T23:43:23+00:00	chore: release v0.120.0
237:a614b45f482ef12a3d056bf527774721754a2d0c	2026-05-26T00:13:06+00:00	chore: release v0.121.0
239:ced8b370d22ed3cfb78c0c7e02520dd365c5ab50	2026-05-26T00:29:47+00:00	chore: release v0.122.0
241:39530ef2e71f787561f9252b72032eb81e329c3e	2026-05-26T00:48:52+00:00	chore: release v0.123.0
243:325eb7352e1a9db79f1bb0db272102f53eba9175	2026-05-26T04:50:12+00:00	chore: release v0.124.0
245:821c96099a010442dd7923ec916c42879987f160	2026-05-26T05:03:27+00:00	chore: release v0.125.0
247:c382a6709773258f07b23d46381fcc22205c2503	2026-05-26T05:43:28+00:00	chore: release v0.126.0
249:e222d2518d658b62d204d5cca7da0576cb0694d7	2026-05-26T06:08:01+00:00	chore: release v0.127.0
251:658bc1991c823de59bd2472465895c15e48e8697	2026-05-26T06:39:16+00:00	chore: release v0.128.0
253:f7145df5db2ab912bf6ec1118d13540ba4722a8b	2026-05-26T08:29:07+00:00	chore: release v0.129.0
255:6a3219a735234bad72539990290f2157697965a8	2026-05-26T09:06:12+00:00	chore: release v0.130.0
257:1319d47c80b19344f93bdbe5ecc62a416a2c5834	2026-05-26T09:49:57+00:00	chore: release v0.131.0
259:045ee8ffecd1b5e52844875166afbc6b076b79c8	2026-05-26T10:20:57+00:00	chore: release v0.132.0
264:633aa4a6d60a2ccba096743b93d5292337313d63	2026-05-26T14:42:00+00:00	chore: release v0.133.0
266:e90404ec362ad64087cc68945f2eb37380104775	2026-05-26T15:12:00+00:00	chore: release v0.134.0
268:eb83daf6f7f39994b11aa5e0afd5e6b86273bd10	2026-05-26T15:52:28+00:00	chore: release v0.135.0
270:ef12569f6f1fab893841de58574e4caf6ccfd488	2026-05-26T19:59:06+00:00	chore: release v0.136.0
272:0243c9dd6054f3d1384d1af4153b4a17ac4b734c	2026-05-26T20:40:27+00:00	chore: release v0.137.0
275:c3f3eaed0a1f2abf53e9bd59ca005398b0a124b7	2026-05-26T21:57:26+00:00	chore: release v0.138.0
277:29376a77b9d3aeda7ecf682f193470ecf442fd39	2026-05-26T22:30:27+00:00	chore: release v0.139.0
279:726b3d567164d4b53601dcbe90076ee0697c1a57	2026-05-26T23:05:07+00:00	chore: release v0.140.0
281:e37f7c9ceddb1b0a3692f1d18b0223a6547b270e	2026-05-26T23:41:40+00:00	chore: release v0.141.0
283:1bb4d35e382644631406f0a5c1b7908169cc5df1	2026-05-27T15:13:49+00:00	chore: release v0.142.0
285:7f038231f47ebe3fb20372a0c1865d14f1b30021	2026-05-28T11:01:12+00:00	chore: release v0.143.0
287:8fcc13ecc07767253f42ab2f84bb53c81b7d0957	2026-05-28T11:32:32+00:00	chore: release v0.144.0
289:b57e5a8726e9efb0e99e0e22a19ce42aee545afd	2026-05-28T12:24:08+00:00	chore: release v0.145.0
291:9c5b75db9db71b4345d9c24f74751a8653c6d9b4	2026-05-28T13:04:13+00:00	chore: release v0.146.0
293:9e18aafb292f7d8a6369414af715d4f158dd2a69	2026-05-28T13:33:50+00:00	chore: release v0.147.0
295:bb0f9ed2e3ee2df9cf0f57f8d80345a7f10ecb42	2026-05-29T08:05:14+00:00	chore: release v0.148.0
298:b2189789acdcf965bd72197ed279b139eabefc3e	2026-05-29T12:07:47+00:00	chore: release v0.149.0
300:91fa4157b639d55348230e0b125f66f69087ea45	2026-05-29T12:54:00+00:00	chore: release v0.150.0
302:5bc2474a9296ec8ee0a05a1c654916d77f06fb0d	2026-05-29T18:56:17+00:00	chore: release v0.151.0
305:e537a1b3bc98c0460f898c199bf05458ecc0374a	2026-05-29T20:34:17+00:00	chore: release v0.152.0
307:e86f27a3bb4b1dca91d6ce5f23a2ea5b07fd0252	2026-05-29T23:55:24+00:00	chore: release v0.153.0
309:7cfbc02dc4a439d3ab463383908511d1b6fb3c60	2026-05-30T10:12:42+00:00	chore: release v0.154.0
311:6d255ee625e4986f79d68286b4d93b31f92c7898	2026-05-30T10:46:29+00:00	chore: release v0.155.0
313:199a0da503487aeb9db3c5eeb093320d8645ba0a	2026-05-30T10:57:58+00:00	chore: release v0.156.0
315:2558541fe0dc90759c5a124245ba4fbb5c146de0	2026-05-30T13:08:53+00:00	chore: release v0.157.0
317:41a4d1bff4f896509333b6be1deadf9d05ce16dc	2026-05-30T13:27:38+00:00	chore: release v0.158.0
319:f03fd118f5db6119b1cdf475f15c38d523d4bf58	2026-05-30T13:58:09+00:00	chore: release v0.159.0
321:e5683f8100be0ab28a00517ba00927643b3f6d53	2026-05-30T16:44:38+00:00	chore: release v0.160.0
323:6f9daa3de538b938da57775d96b74947611f7a8f	2026-05-30T18:17:29+00:00	chore: release v0.161.0
325:9095488cc4d797c1475c217ee83cf954b309ed9b	2026-05-30T18:53:07+00:00	chore: release v0.162.0
327:d43f41c1bff1c9c4640e7a364968016c2152ea57	2026-05-30T19:45:32+00:00	chore: release v0.163.0
329:71dcfd15bdb1ac0489df0bf5287ed98e7f4a905b	2026-05-30T22:08:25+00:00	chore: release v0.164.0
331:2793152b08fc8d639706a75ffc602be97851f450	2026-05-30T22:21:40+00:00	chore: release v0.165.0
333:0e03c30d7801109ac0232ce20856dc67efd8fc31	2026-05-30T22:43:18+00:00	chore: release v0.166.0
335:9e35a45b0e6e9ba1d2bbc807c5b926cca1b3def6	2026-05-31T20:26:14+00:00	chore: release v0.167.0
337:8280b8e4db2e0257d8b947aff1a5bab89df17f7c	2026-05-31T20:55:36+00:00	chore: release v0.168.0
339:bedb9b14e2d610766a1773d2dce7b747f7a468dc	2026-05-31T21:51:01+00:00	chore: release v0.169.0
341:8dcd9a97497270a32ca5d287fd85dbbe07eea059	2026-05-31T22:08:31+00:00	chore: release v0.170.0
343:1e7407d759662fe95ab38af58494f0ff66718481	2026-06-01T00:22:28+00:00	chore: release v0.171.0
346:928bd1f8e1b2c0a540cd4f180eed58cdad35c582	2026-06-01T00:49:41+00:00	chore: release v0.172.0
348:b8ff47d2ae68b7498c920198dc741c809097d1e7	2026-06-01T01:05:58+00:00	chore: release v0.173.0
350:84de6f5a31e95305b37cb517d9da2d8a32b6f9f2	2026-06-01T01:33:48+00:00	chore: release v0.174.0
352:b57e798163e8dd515ce0a3e34c22a544448db3b3	2026-06-01T02:04:38+00:00	chore: release v0.175.0
354:b07a0a6e5e451e9e5b12408655fea6305bd9e98f	2026-06-01T19:33:47+00:00	chore: release v0.176.0
356:8d41023192a95eefae4ecb798e1af32d0a407d7e	2026-06-04T13:33:18+00:00	chore: release v0.177.0
358:2c061db7ce8d88a7f9e50252c58e5b87c773f66b	2026-06-04T15:59:30+00:00	chore: release v0.178.0
360:a23487a2d64f2f3ae63d0d84727240a7caac7080	2026-06-04T16:53:58+00:00	chore: release v0.179.0
362:861c6b115e79819f2a0d189be1366082e8722d65	2026-06-04T17:40:58+00:00	chore: release v0.180.0
364:466b2633da834d2ebe25e3bae91e6fe5341b69be	2026-06-04T23:44:04+00:00	chore: release v0.181.0
366:302659b91485d0ee06cc843b28542f20e0a2214a	2026-06-08T14:48:29+00:00	chore: release v0.182.0
368:eeb90af0bb39eb49afa700a96bd1493f9fbf1a55	2026-06-10T12:49:14+00:00	chore: release v0.183.0
370:fef27cdfeefbc035f05fd7160b5156cd4e659479	2026-06-10T20:10:38+00:00	chore: release v0.184.0
372:3b9a232d506dd5af6ce9cfad9ae5f6fcd1e5a75b	2026-06-11T17:04:57+00:00	chore: release v0.185.0
375:19c1a017035b5d1944d8cf8f5169b6ec78ea8a12	2026-06-11T22:44:23+00:00	chore: release v0.186.0
379:243b166c2998efe42fafa365415b993fda95b297	2026-06-12T12:29:01+00:00	chore: release v0.187.0
381:084dcba8c4b30ebeb462834a90e122defde909be	2026-06-12T15:10:23+00:00	chore: release v0.188.0
383:44a93b0fea8879353026aec254dfaa4fa7dbf07c	2026-06-12T22:13:19+00:00	chore: release v0.189.0
385:719fcb01013dab5ee3a2cf0120be5d078f14ed41	2026-06-12T23:30:04+00:00	chore: release v0.190.0
387:3777314a9222b7c3fb40fbe70335e3031ffb9acf	2026-06-13T09:39:11+00:00	chore: release v0.191.0
389:60d0ae2f900a1631254adc2eb78a421f9a53c8b1	2026-06-13T10:18:50+00:00	chore: release v0.192.0
391:3405c5c0bb16386d5a81f1d66efc22f7f5581b62	2026-06-13T11:24:57+00:00	chore: release v0.193.0
393:0504737c420e4f68528aaccb0d674056085a4e5c	2026-06-13T11:48:17+00:00	chore: release v0.194.0
396:3c75fc3f1ffabea5e91121546bf6132e236ba64e	2026-06-13T15:22:38+00:00	chore: release v0.195.0
398:c5fef6ce47486aa0f9f28b0e03e92456cb85e5be	2026-06-13T18:10:30+00:00	chore: release v0.196.0
400:311c41b133d36b7cf58d5c4dc4e5b57bad2918e9	2026-06-13T19:13:26+00:00	chore: release v0.197.0
402:ef7bb2f6cb65d5881c7f7dc0d8ea07c80a076953	2026-06-13T19:32:37+00:00	chore: release v0.198.0
404:5596bb65a2a551172f39cc4765154821dc203d46	2026-06-13T23:47:55+00:00	chore: release v0.199.0
406:cdad181c231a125b8b9862dee9b9115c16bc7879	2026-06-14T00:15:15+00:00	chore: release v0.200.0
409:56ccb77ec05037b67dbbdbfb502d83551d262bee	2026-06-14T16:54:50+00:00	chore: release v0.201.0
412:af41bf657ae6ca8f3fbe4ef3154685619a7193e4	2026-06-15T00:06:03+00:00	chore: release v0.202.0
414:71b7dad9930ca30ac8487bf5b50a7dadcca61e60	2026-06-15T10:41:19+00:00	chore: release v0.203.0
416:f856d0993d4128c7a73f727209045eb733d9c8f0	2026-06-15T15:41:09+00:00	chore: release v0.204.0
418:6012d9d4fcdd0e592bef2cbacb40d121034fc8f9	2026-06-15T19:50:25+00:00	chore: release v0.205.0
420:9ff27f857d8be7521ffaea369b96afb066aadaf1	2026-06-16T07:00:14+00:00	chore: release v0.206.0
422:ceffca4803cde67aa7d319f3000096ff7cb0aba9	2026-06-17T11:43:37+00:00	chore: release v0.207.0
424:cd081c9ffebc5b66af37caeaf191be23ad97c517	2026-06-17T16:34:56+00:00	chore: release v0.208.0
426:a751e23daf95bf88510b2d0ca0c36dc9bd3c66e2	2026-06-17T18:16:30+00:00	chore: release v0.209.0
428:6208021131b8ee69345343be3acadd4556a971f5	2026-06-17T21:11:50+00:00	chore: release v0.210.0
430:af915befa705e6fdf2f63b41afa45d5b6894577d	2026-06-20T13:34:41+00:00	chore: release v0.211.0
432:c8bed4d7d06e9dff206b23465cea5e3c180c0a0a	2026-06-20T20:45:59+00:00	chore: release v0.212.0
434:11a2d9bc86a0d092d00bc407d9031aa92aa58bf4	2026-06-20T23:32:08+00:00	chore: release v0.213.0
436:2febec946cb34e33014c1918b2eb93c1cb10dd1b	2026-06-21T09:44:58+00:00	chore: release v0.214.0
438:2ef1d2cf375569c8c6c33adfcc1564abca519d3f	2026-06-21T19:19:12+00:00	chore: release v0.215.0
440:c6b882755b5b4a45c167f3d9f9780e4de1175b19	2026-06-21T20:26:52+00:00	chore: release v0.216.0
442:609d826468c439bd28be9a02524d552ccd131b9a	2026-06-21T23:21:03+00:00	chore: release v0.217.0
444:aab983e50d220f7f4be0889de102efda1580e2e9	2026-06-24T16:02:38+00:00	chore: release v0.218.0
446:fec7d291a646a0f6f6f585acf648f18a0c1c1cca	2026-06-24T18:19:46+00:00	chore: release v0.219.0
448:d40c8b278d11842acf7969d3ae2a2f0a4a7099c9	2026-06-24T21:10:07+00:00	chore: release v0.220.0
450:366b19a5537fe786d217b5dfd447392c0186fff3	2026-06-24T22:15:38+00:00	chore: release v0.221.0
452:d78ae36b465fd9042558533fd410c300bddd093d	2026-06-24T23:22:33+00:00	chore: release v0.222.0
454:5621bb8cc22a947a06b6e273dd0f20d6a257d371	2026-06-25T00:01:50+00:00	chore: release v0.223.0
456:6862cc136005d4b2863ba255cdf9a9c68b08fa5b	2026-06-25T08:54:31+00:00	chore: release v0.224.0
458:28da5e4798790b8d95e37f28ca25697a5f023b22	2026-06-25T22:23:22+00:00	chore: release v0.225.0
460:c7d66eaafa7098b94063c33867e496a4d7a40e62	2026-06-26T00:09:23+00:00	chore: release v0.226.0
462:8ed0c31c9495d4e1ae6567ef617b2737fffd449b	2026-06-26T00:33:55+00:00	chore: release v0.227.0
464:7cceb90fa9f615986dc9b45e81577e31a0fad27d	2026-06-26T10:15:31+00:00	chore: release v0.228.0
466:9a64699f1c9b112a9eeebbd0abffa66a451c6ffe	2026-06-26T10:44:45+00:00	chore: release v0.229.0
468:21e1f3972eb6564ca4cba609bd934fc31c918b69	2026-06-26T11:18:10+00:00	chore: release v0.230.0
470:c015da615a5b02e28b55614dbd561744856d44f9	2026-06-26T12:08:03+00:00	chore: release v0.231.0
472:a4efd91bbb4656cafe260e01b89f2f9e0a926dc1	2026-06-26T22:48:53+00:00	chore: release v0.232.0
474:15303b21b0e6d1d0b7c87141462292917149d2f3	2026-06-27T14:01:33+00:00	chore: release v0.233.0
479:4ae4c2745f2394b18efbe8cab7d4c701c28f0067	2026-06-28T00:18:25+00:00	chore: release v0.234.0
481:8d08aadbe4e54f338f912b27af24050c72739c9f	2026-06-28T01:54:05+00:00	chore: release v0.235.0
483:ae5347123b011fd10e98c65e7079b600efb3ae80	2026-06-28T16:00:18+00:00	chore: release v0.236.0
485:7e4d43ab2bb15c5727668b62a142483b580c76ef	2026-06-28T16:42:55+00:00	chore: release v0.237.0
488:a80d23d9526050aa2edd0cde4cb58efe4afda3a2	2026-06-28T18:19:42+00:00	chore: release v0.238.0
490:791a3e61513893ff3d75b2ed5773e56a1d60ea0a	2026-06-28T18:51:01+00:00	chore: release v0.239.0
492:f6e0b46be5e764eb38d5077692f82e99bb006a94	2026-06-28T19:53:29+00:00	chore: release v0.240.0
494:6632a4abbd329ee2b02307ff85279033d047171f	2026-06-28T20:26:44+00:00	chore: release v0.241.0
496:fa003d89aac98efe18b6b7f78c8edf30e83e3921	2026-06-28T21:23:43+00:00	chore: release v0.242.0
498:96c6a508027655e806f692a9511cb5be9eca5d8e	2026-06-28T22:21:59+00:00	chore: release v0.243.0
500:354f110d3e37caa03c316ae8e56ede6ab0ad4212	2026-06-29T09:17:33+00:00	chore: release v0.244.0
502:8e0227cdd3a09bdd59245c2e70c290072208ea56	2026-06-29T20:07:36+00:00	chore: release v0.245.0
504:353673c5e6dff2a97cdaa8642417c64101760bd2	2026-06-29T20:57:32+00:00	chore: release v0.246.0
506:261b83e17195d7cb4d9cbd8679fd770ac71ebb6f	2026-06-29T21:54:32+00:00	chore: release v0.247.0
508:1a9a307e33b439f92c2175838e23a6a261910a2e	2026-06-30T01:15:03+00:00	chore: release v0.248.0
510:994a821070f739e292f2841b7d1f32fcbc9e08ab	2026-06-30T07:57:59+00:00	chore: release v0.249.0
512:3eb042ff39d64eb8d709ae82c99c63ce90f91675	2026-06-30T08:34:47+00:00	chore: release v0.250.0
514:cb79cea74c0502614fdb65f63505aec2c9416e02	2026-06-30T09:22:02+00:00	chore: release v0.251.0
516:d9edcae28972a885c8e135e2b79e134b7ac4e304	2026-06-30T23:00:04+00:00	chore: release v0.252.0
518:136990cd3c4652471e1e6b19cdce2a0889785ba7	2026-07-01T11:49:35+00:00	chore: release v0.253.0
520:43e6b61f8970d13924f7b0f93917b7e7e326cc1d	2026-07-01T13:37:11+00:00	chore: release v0.254.0
522:bd2455f70d75f041bc8ab8b7c78c673923b6c1dd	2026-07-02T20:20:30+00:00	chore: release v0.255.0
524:bdff8de602d289bf686c1e3eee9e82613133e1bb	2026-07-02T21:13:50+00:00	chore: release v0.256.0
526:477f9a67afbdee6757b81dcd4637113028995e70	2026-07-02T22:20:51+00:00	chore: release v0.257.0
528:7c0593f57ca59b9a91e4ca400c51552088746f94	2026-07-02T23:44:54+00:00	chore: release v0.258.0
530:ea19b1a1ed226a96ad2e663d44bdd1c5c4a7f817	2026-07-03T00:47:43+00:00	chore: release v0.259.0
532:a4c611674a324d003001728d3e637256105835e1	2026-07-03T01:54:03+00:00	chore: release v0.260.0
535:c0ae359b7742ae777f0875b09ea36c403bf8856b	2026-07-03T08:34:45+00:00	chore: release v0.261.0
537:db208645920b6c3845506a48c39d2d56a0ae1b78	2026-07-03T10:32:54+00:00	chore: release v0.262.0
539:b231afdae90fa0875a33164c211985f4cad0e3f9	2026-07-03T12:55:16+00:00	chore: release v0.263.0
541:e7bcdb849370ca59a233535f2dfc6920478fb838	2026-07-03T21:10:20+00:00	chore: release v0.264.0
543:6883d101f410cd1fc37d8b8039b6551ae38d8155	2026-07-03T21:52:49+00:00	chore: release v0.265.0
545:d0b2cbdee8a9d87ff45d5f1bd2c52d8fcab6df59	2026-07-03T22:42:35+00:00	chore: release v0.266.0
547:8b22a9406b3747a979151af710a0a03ea29cf8df	2026-07-03T23:46:52+00:00	chore: release v0.267.0
549:a77fa04d76b7ed28c17e9242c165d73f5fe18318	2026-07-04T00:32:01+00:00	chore: release v0.268.0
551:41658bcb8b0b08e25e19bd1a43adf36a332284d1	2026-07-04T01:37:07+00:00	chore: release v0.269.0
553:96e9adca2a60fb195f54abf4d3b30b8b065e7b8d	2026-07-04T02:10:13+00:00	chore: release v0.270.0
555:5b6214b3418c49cb3dddda0c2cb05b401ee44a5f	2026-07-04T12:22:08+00:00	chore: release v0.271.0
557:fc5ee4342c8456a0d39e15eb7dd1ee6e1199e52f	2026-07-04T15:05:42+00:00	chore: release v0.272.0
559:d05dc16dce5e2fcd448940396cfcbfe16c45ee44	2026-07-04T17:16:23+00:00	chore: release v0.273.0
562:57b8f3adc720e195538635030218a090c84f53e6	2026-07-07T16:15:49+00:00	chore: release v0.274.0
564:110a203c37eeb2948e6014fac4d2c46c34edd9c6	2026-07-09T07:35:48+00:00	chore: release v0.275.0
566:1d7097d55fa0bd7c4d8f1c7b146968669615bf6d	2026-07-09T09:35:27+00:00	chore: release v0.276.0
568:6b7a588f5f0ca9e23a517c6f387fca11bb830511	2026-07-12T12:48:49+00:00	chore: release v0.277.0
570:6a19a72c937750673a4c5390a7c4ec7290530e84	2026-07-12T15:07:34+00:00	chore: release v0.278.0
572:a78f5600a31be2439148fe2ac54863f6c16c5ee6	2026-07-13T00:04:49+00:00	chore: release v0.279.0
574:84ec40ac1dca237d23eca3ccf0b2e7cb6a81f7ea	2026-07-13T07:20:49+00:00	chore: release v0.280.0
576:455c692328aa06430324a460a9291022bb947032	2026-07-13T08:02:25+00:00	chore: release v0.281.0
578:e25d521fe51d6ab437de6a53f0ff2db9a18c770c	2026-07-13T10:34:02+00:00	chore: release v0.282.0
580:1561652a83a94f6ff60ef0e76014a576393a635d	2026-07-13T18:53:58+00:00	chore: release v0.283.0
582:b9a320a5bce3950b08b56c509d2074ebae52b8bd	2026-07-13T19:31:33+00:00	chore: release v0.284.0
584:414c19ed685e9159ad3823f7e53d583c46ae0f67	2026-07-14T06:59:21+00:00	chore: release v0.285.0
586:d7b31950aad59c5fadb926d6f64cf5c9884770e3	2026-07-14T11:23:11+00:00	chore: release v0.286.0
588:95827d96d13280bb69ff6f011c499cc25ed55d00	2026-07-14T12:19:39+00:00	chore: release v0.287.0
590:9396ef3b7e983e1c47956129f72bae5a96bdb078	2026-07-14T15:02:20+00:00	chore: release v0.288.0
592:0b29af6ec538f1f8ab20087e4e9528aa808e3f89	2026-07-14T17:10:18+00:00	chore: release v0.289.0
