wikidata_item_sorting_algorithm	algoritmo de ordenamiento	algoritmo de ordenación
wikidata_item_water	agua
wikidata_item_bread	pan
wikidata_item_carrot	zanahoria	zanahorias
wikidata_property_subclass_of	subclase de	es un tipo de	es una clase de
wikidata_property_part_of	parte de	es parte de	pertenece a
wikidata_property_has_part	tiene parte	contiene	incluye
wikidata_property_capital	capital	es la capital de	capital de
wikidata_property_named_after	nombrado en honor a	lleva el nombre de
wikidata_property_translation	traducción	traduce	traducir
wikidata_property_item_for_this_sense	significa	significado de
