coding_bound	лимит	предел	ограничение	максимум
completion_criterion	критерий завершения
coding_search_rendering	рендеринг	сериализация
coding_search_adapter	адаптер	адаптеры
coding_relationship_reference	связь	связи	ассоциация
coding_serialization_action	сериализовать	сериализованный	кодирование
coding_search_check	проверка
coding_search_completion_criterion	контракт завершения	критерий завершения
coding_search_missing_leaf_contract	лист без наблюдаемого контракта завершения
binary_decomposition_invariant	внутренний узел имеет ровно двух потомков
coding_search_binary_decomposition_invariant	внутренний узел имеет ровно двух потомков
atomic_leaf_invariant	лист атомарен и проверяется независимо
coding_search_atomic_leaf_invariant	лист атомарен и проверяется независимо
decomposition_node_identifier	стабильный идентификатор по содержимому
coding_search_decomposition_node_identifier	стабильный идентификатор по содержимому
dotted_child_path	пути потомков следуют точечной числовой схеме
coding_search_dotted_child_path	пути потомков следуют точечной числовой схеме
complete_tree_node_count	полное дерево глубины пять содержит ровно 63 узла вместе с корнем
coding_search_complete_tree_node_count	полное дерево глубины пять содержит ровно 63 узла вместе с корнем
agent_cli_ladder_depth_selector	селектор глубины лестницы Agent-CLI
coding_search_agent_cli_ladder_depth_selector	селектор глубины лестницы Agent-CLI
leaf_first_ladder_order	атомарные листья выполняются раньше составных родителей
coding_search_leaf_first_ladder_order_fact	атомарные листья выполняются раньше составных родителей
fresh_ladder_repository_copy	каждый выбранный узел выполняется в свежей временной копии репозитория
coding_search_fresh_ladder_repository_copy_fact	каждый выбранный узел выполняется в свежей временной копии репозитория
real_agent_formal_ai_ladder	выбранный узел использует настоящий Agent CLI с настоящим сервером Formal AI
coding_search_real_agent_formal_ai_ladder_fact	выбранный узел использует настоящий Agent CLI с настоящим сервером Formal AI
exact_node_path_proof	наблюдаемый файл доказательства с точным путём узла
coding_search_exact_node_path_proof_fact	наблюдаемый файл доказательства с точным путём узла
complete_binary_tree_not_flat	исследование описывает дерево, а не плоский список
coding_search_complete_binary_tree_not_flat_fact	исследование описывает дерево, а не плоский список
ladder_leaf_count	исполняемая лестница формулирует ровно 32 различных атомарных листа
coding_search_ladder_leaf_count_fact	исполняемая лестница формулирует ровно 32 различных атомарных листа
generated_child_path_existence	сгенерированные пути потомков должны существовать в полном дереве
coding_search_generated_child_path_existence_fact	сгенерированные пути потомков должны существовать в полном дереве
decomposition_prompt_matrix	тесты декомпозиции перебирают многоязычную матрицу запросов
coding_search_decomposition_prompt_matrix_fact	тесты декомпозиции перебирают многоязычную матрицу запросов
composed_observations_heading	составитель заметок озаглавливает наблюдения текущей сессии
coding_search_composed_observations_heading_fact	составитель заметок озаглавливает наблюдения текущей сессии
dotted_binary_node_filter	выбор одного узла по точечному пути
coding_search_dotted_binary_node_filter	выбор одного узла по точечному пути
decomposition_node_counts	узлы декомпозиции на глубине
coding_search_decomposition_node_counts_fact	узлы декомпозиции на глубине
coding_search_power_of_two_levels_invariant	уровни степеней двойки до 32
coding_search_recursive_task_conversion	выполнение дерева декомпозиции
coding_search_approved_task_strategy	одобренные стратегии декомпозиции
coding_search_independent_leaf_lower_bound	минимальное число независимо проверяемых листьев
coding_search_issue_creation	команда создания задачи GitHub
