coding_bound	上限	限制	最大值
completion_criterion	完成标准
coding_search_rendering	渲染	序列化
coding_search_adapter	适配器
coding_relationship_reference	关系	关联
coding_serialization_action	序列化	编码
coding_search_check	检查
coding_search_completion_criterion	完成契约	完成标准
coding_search_missing_leaf_contract	没有可观察完成契约的叶子
binary_decomposition_invariant	内部节点恰好有两个子节点
coding_search_binary_decomposition_invariant	内部节点恰好有两个子节点
atomic_leaf_invariant	叶子是原子的并且可以独立检查
coding_search_atomic_leaf_invariant	叶子是原子的并且可以独立检查
decomposition_node_identifier	基于内容寻址的稳定标识符
coding_search_decomposition_node_identifier	基于内容寻址的稳定标识符
dotted_child_path	子路径遵循点分数字约定
coding_search_dotted_child_path	子路径遵循点分数字约定
complete_tree_node_count	深度为五的完全树包括根在内恰好有 63 个节点
coding_search_complete_tree_node_count	深度为五的完全树包括根在内恰好有 63 个节点
agent_cli_ladder_depth_selector	Agent-CLI 阶梯深度选择器
coding_search_agent_cli_ladder_depth_selector	Agent-CLI 阶梯深度选择器
leaf_first_ladder_order	原子叶子先于复合父节点执行
coding_search_leaf_first_ladder_order_fact	原子叶子先于复合父节点执行
fresh_ladder_repository_copy	每个选中的节点都在新的临时仓库副本中运行
coding_search_fresh_ladder_repository_copy_fact	每个选中的节点都在新的临时仓库副本中运行
real_agent_formal_ai_ladder	选中的节点使用真实的 Agent CLI 和真实的 Formal AI 服务器
coding_search_real_agent_formal_ai_ladder_fact	选中的节点使用真实的 Agent CLI 和真实的 Formal AI 服务器
exact_node_path_proof	带有确切节点路径的可观察证明文件
coding_search_exact_node_path_proof_fact	带有确切节点路径的可观察证明文件
complete_binary_tree_not_flat	案例研究描述的是树而不是扁平列表
coding_search_complete_binary_tree_not_flat_fact	案例研究描述的是树而不是扁平列表
ladder_leaf_count	可执行阶梯恰好形成 32 个不同的原子叶子
coding_search_ladder_leaf_count_fact	可执行阶梯恰好形成 32 个不同的原子叶子
generated_child_path_existence	生成的子路径必须存在于完全树中
coding_search_generated_child_path_existence_fact	生成的子路径必须存在于完全树中
decomposition_prompt_matrix	分解测试遍历多语言提示矩阵
coding_search_decomposition_prompt_matrix_fact	分解测试遍历多语言提示矩阵
composed_observations_heading	笔记编写器为当前会话收集的观察添加标题
coding_search_composed_observations_heading_fact	笔记编写器为当前会话收集的观察添加标题
dotted_binary_node_filter	按点分路径选择单个节点
coding_search_dotted_binary_node_filter	按点分路径选择单个节点
decomposition_node_counts	各深度的分解节点
coding_search_decomposition_node_counts_fact	各深度的分解节点
coding_search_power_of_two_levels_invariant	直到 32 的二的幂层级
coding_search_recursive_task_conversion	分解树的执行
coding_search_approved_task_strategy	已批准的分解策略
coding_search_independent_leaf_lower_bound	可独立验证叶子的最少数量
coding_search_issue_creation	GitHub 议题创建命令
