http_fetch_curated_project	"Solicitud HTTP para `{url}`.\n\nEsta URL corresponde a un proyecto promovido y curado. Resumen del README (mediante la canalización formalize → summarize → deformalize): {summary}\n\nFuente: [{url}]({url})"
web_search_live_results	"Búsqueda web realizada para `{query}`. La respuesta capturada del proveedor produjo {count} resultado(s) combinado(s):\n\n{results}"
web_search_unavailable	"No hay ninguna respuesta capturada del proveedor para `{query}`. La obtención en vivo está desactivada por defecto; actívala explícitamente para llenar la caché de fuentes reproducible. El plan no ejecutado incluye DuckDuckGo, Internet Archive, Wikipedia, Wikidata, Wiktionary y Wikinews."
agentic_action_list_desktop	"Voy a listar los elementos que están directamente en tu escritorio."
agentic_action_list_home	"Voy a listar los elementos que están directamente en tu carpeta personal."
agentic_action_list_current	"Voy a listar los elementos que están directamente en la carpeta actual."
agentic_action_find_desktop	"Voy a buscar {subject} en tu escritorio."
agentic_action_find_home	"Voy a buscar {subject} en tu carpeta personal."
agentic_action_find_current	"Voy a buscar {subject} en la carpeta actual."
agentic_action_search	"Voy a buscar {target} en la web."
agentic_action_read	"Voy a abrir {target} y leer lo que dice."
agentic_action_search_code	"Voy a buscar {target} en el código."
agentic_action_edit	"Voy a actualizar {target}."
agentic_action_run	"Voy a ejecutar el comando solicitado para obtenerlo."
agentic_action_ask_user	"Voy a hacerte unas preguntas para hacerlo bien."
agentic_action_generic	"Voy a dar el siguiente paso para resolverlo."
local_search_route_local	"Es una solicitud al sistema de archivos local."
local_search_found_directory	"Encontré la carpeta en {path}. La búsqueda se limitó a {scope}."
local_search_found_file	"Encontré el archivo en {path}. La búsqueda se limitó a {scope}."
local_search_found_path	"Encontré {path}. La búsqueda se limitó a {scope}."
local_search_found_closest	"No hay coincidencia exacta para {requested}; el nombre más parecido es {actual}, en {path}. La búsqueda se limitó a {scope}."
local_search_mismatch_requested_directory	"Ninguna carpeta coincide con {requested}; el nombre más parecido, {actual}, no es una carpeta y está en {path}. La búsqueda se limitó a {scope}."
local_search_mismatch_requested_file	"Ningún archivo normal coincide con {requested}; el nombre más parecido, {actual}, es otro tipo de ruta y está en {path}. La búsqueda se limitó a {scope}."
local_search_not_found	"No se encontró {requested} tras comprobar coincidencias exactas, parciales y nombres cercanos en {scope}. No se buscó fuera de esa ubicación."
local_search_scope_listing	"Elementos encontrados directamente en {scope}:\n{items}"
local_search_contents_listing	"Contenido de {scope}:\n{items}"
local_search_type_directory	"{path} es una carpeta. Se verificó dentro de {scope}."
local_search_type_file	"{path} es un archivo. Se verificó dentro de {scope}."
definition_followup_clarify	"¿A qué se refiere «eso» aquí?"
comparison_decomposed_no_evidence	"Busqué {left} y {right} por separado, pero la herramienta de búsqueda disponible no devolvió evidencia utilizable. La comparación sigue sin verificar."
comparison_decomposed_evidence	"Evidencia por separado para {left} y {right}:\n\n{evidence}"
supplied_file_contents	"Contenido de `{path}`:\n\n{body}"
supplied_file_first_line	"Primera línea de `{path}`: {line}"
general_plan_command_capture_action	"ejecutar el comando indicado y guardar su stdout en {target}"
general_plan_command_output_evidence	"archivo del espacio de trabajo {target} creado por el comando"
general_plan_command_verification_evidence	"stdout del comando indicado, guardado en {target}"
general_plan_repository_action	"añadir el plan acotado de trabajo del repositorio a {target}"
general_plan_repository_evidence	"el objetivo exacto de la tarea del repositorio y su límite de ejecución"
client_contract_read_observations_error	"no se pudieron leer las observaciones {path}: {error}"
client_contract_parse_observation_error	"no se pudo analizar la observación {path}:{line}: {error}"
client_contract_read_transcript_error	"no se pudo leer la transcripción {path}: {error}"
client_contract_parse_transcript_error	"no se pudo analizar la transcripción {path}:{line}: {error}"
client_contract_missing_evidence_error	"{path} no contiene ni una llamada a herramienta ni el marcador esperado `{expected_marker}`"
agentic_action_before_tool	"Usaré {tool} sobre {target} para verificar el siguiente paso antes de continuar."
world_state_remaining	"Aún hay {count} afirmación(es) entre el estado actual y tu objetivo: {remaining}.\nLa respuesta es la diferencia actual->objetivo, calculada como una red de enlaces, no recuperada de la memoria.\nDiferencia: {diff_id}"
world_state_reached	"No queda nada: cada afirmación objetivo ya se cumple en el estado actual.\nDiferencia: {diff_id}"
fact_check_current_dialogue	"Se comprobaron las {count} afirmaciones del diálogo actual respecto a {formal_system}.\n{summary}"
fact_check_statement	"{statement}: probabilidad {probability} ({basis})."
fact_check_statement_counterexample	"{statement}: probabilidad {probability} ({basis}); contraejemplo: {counterexample}."
fact_check_arithmetic_counterexample	"Valores evaluados: {left} = {left_value}, {right} = {right_value}. La relación {relation} no se cumple"
fact_check_no_statements	"No hay afirmaciones declarativas que comprobar."
compose_boundary_note	"Cada afirmación de abajo está respaldada por una fuente citada; no se añadió nada más allá de ellas."
compose_sources_heading	"Fuentes"
compose_no_verified_capture	"No se capturó ninguna afirmación verificada por una fuente para esta solicitud, así que no se compuso nada."
