algorithm_sort	"这是一个可审阅的 {language} 排序算法：\n\n```{snippet}\n{code}\n```\n\n执行状态：此运行环境不可用。该代码片段供复制粘贴审阅。"
algorithm_sort_with_tests	"这是一个可审阅的 {language} 排序算法，附带测试：\n\n```{snippet}\n{code}\n```\n\n测试：\n```{snippet}\n{tests}\n```\n\n执行状态：此运行环境不可用。该代码片段供复制粘贴审阅。"
code_debugging_condition_assignment	"本应比较的地方写成了赋值。\n\n检测到的缺陷（代码第 {line_no} 行）：`{line}`\n该条件使用单个 `=` 进行赋值，因此它测试的是被赋的值而不是进行比较：只要该值为真，分支就会执行，并且变量会被覆盖。\n\n修复——改为比较而不是赋值（在 JavaScript 中，`===` 是严格比较）：\n    {fixed}\n\n方法，如实说明：对每个以条件表（data/seed/code-task-cues.lino 中的 `assignment_in_condition`）中的开头词开始的条件做结构扫描，查找其括号顶层、引号文本之外的单个 `=`。没有执行任何代码，也没有运行任何测试。"
code_debugging_defect	"名为 `{name}` 的函数中有一个缺陷。\n\n名称承诺的内容：名为 `{name}` 的函数必须返回{property}（{grounding}）。\n\n检测到的缺陷（代码第 {line_no} 行）：`{line}`\n该表达式把二元 `{shift}` 应用于整个商：`/` 的优先级高于 `-` 和 `+`，因此它计算的是 ({fixed}) {shift}，而不是名称所承诺的值。\n\n修复——去掉偏移，使承诺的值原样返回：\n    {fixed}\n或者，如果偏移本应作用于除法的某个操作数，就把它移到除数内部，使其作用于那里而不是商：\n    {parenthesized}\n\n方法，如实说明：结构扫描——将词法单元流中的运算符优先级与函数名承诺的属性（data/seed/meanings-code-structure-explanations.lino 中的 `function_intent` 记录）进行核对。没有执行任何代码，也没有运行任何测试；该属性的规范形式是 `{correct_form}`。"
code_debugging_index_bound	"循环边界超出了 `{collection}` 的末尾。\n\n检测到的缺陷（代码第 {line_no} 行）：`{line}`\n边界 `{bad}` 让索引能够达到 `{collection}` 的长度，即比最后一个有效位置多一位，因此最后一轮会越界读取 `{collection}[…]`。\n\n修复——提前一个位置停止：\n    {fixed}\n\n方法，如实说明：依据索引边界表（data/seed/code-task-cues.lino 中的 `index_bound_past_end`）进行结构扫描，并由同一段代码中对 `{collection}` 的索引访问确认。没有执行任何代码，也没有运行任何测试。"
code_debugging_no_defect	"没有识别出已知的缺陷模式。\n\n这是一个调试请求，代码已扫描，但缺陷表中没有任何结构匹配：该表目前涵盖在除法之后于顶层应用的二元 `+`/`-`（偏移的商，并与函数名承诺的属性交叉核对）、让索引达到集合长度的循环边界，以及带括号的 `if`/`while` 条件中的赋值。{intent_note}\n\n方法，如实说明：仅做结构扫描——没有执行任何代码，没有运行任何测试，也没有猜测表外的任何内容。人工的下一步通常是：运行失败的输入，阅读回溯信息，并将输出与函数名承诺的属性进行比较。"
code_debugging_no_intent	" 注意：函数名 `{name}` 不在意图表中，因此没有可用来核对代码的承诺属性。"
code_explanation_cost_constant	"开销：这些行中没有遍历输入的循环。\n"
code_explanation_cost_linear	"开销：对输入只遍历一遍，因此工作量线性增长（O(n)）。\n"
code_explanation_line	"  - `{line}` — {meaning}（{grounding}）\n"
code_explanation_lines	"逐行的结构解释。没有执行任何代码。\n\n{lines}覆盖率：{total} 行中有 {matched} 行匹配到结构；每一行都列在上面，每个匹配的行都附有定义其结构的参考。\n总体：{overall}\n{cost}方法，如实说明：每一行都与 data/seed/meanings-code-structure-explanations.lino 中的结构表进行匹配；没有运行任何内容，也没有猜测表外的任何内容。"
code_explanation_no_construct	"表中没有任何结构与这些行匹配。该表涵盖函数定义、for 循环、if 语句、推导式、sum/len/max/min 调用、比较、赋值、return、除法、索引、方法调用以及少量 JavaScript 结构。方法，如实说明：仅做结构扫描——没有执行任何代码。如果代码使用了表外的结构，人工阅读（或语言服务器的悬停提示）能解释得比我从结构上推导的更多。"
code_explanation_no_overall	"函数名不在意图表中，因此没有可供总结的承诺属性。\n"
code_explanation_overall	"函数名 `{name}` 承诺{property}；该承诺的规范表达式是 `{correct_form}`（{grounding}）。\n"
code_explanation_unmatched_line	"  - `{line}` — 表中没有结构与此行匹配，因此不作解释，而不是猜测\n"
code_refactoring_async	"已将 Promise 链改写为 async/await。处理函数体逐字保留；只改变了控制流。\n\n```javascript\n{code}```\n\n等价性检查，如实说明：结构上的——每个 `.then(handler)` 按 try 块顺序变为 `const <param> = await <previous>;`，`.catch(handler)` 变为 catch 子句，因此每个处理函数仍会收到上一环节产生的值。没有执行任何代码。"
code_refactoring_execution_matched	"在结构检查之外，还在浏览器 worker 中做了执行检查：原始链和改写版本都针对每个自由标识符使用记录桩，在 {scenarios} 个场景中运行（先所有调用都成功，然后 {calls} 个调用依次各自被拒绝），记录的调用轨迹一致。成功轨迹：{trace}。"
code_refactoring_execution_mismatch	"浏览器 worker 中的执行检查发现原始链与改写版本之间存在差异（{detail}）。在依赖改写版本之前请先审阅。"
code_refactoring_execution_skipped	"已跳过浏览器 worker 中的执行检查（{detail}）；仅上面的结构检查有效。"
code_refactoring_refusal	"识别到重构请求，但目前唯一实现的结构变换是将 JavaScript Promise 链（`.then`/`.catch`）改写为 async/await，而这段代码中没有 Promise 链，所以我不会猜测其他改写方式。请说出你想要的变换（或给出一个 Promise 链），我就会执行它。"
code_review_finding	"  - [{severity}] {title} — 第 {line_no} 行：`{line}`\n    {advice}\n    {source}\n"
code_review_findings	"依据 data/seed/code-review-rules.lino 的结构审查。没有执行任何代码；没有运行 linter。\n\n发现：\n{findings}"
code_review_no_match	"审查表中没有任何规则与这段代码匹配。这只是关于规则表的陈述，并不代表代码完全健康：该表涵盖裸 except、可变默认参数、== None、循环中的字符串 += 以及 JavaScript 的宽松 ==。如需更深入的审查，请运行真正的 linter（ruff、eslint）。方法，如实说明：仅做结构扫描——没有执行任何内容。"
flag_line	"  - `{flag}` — {meaning}\n"
mapping_line	"  - '{request}' -> {emission}\n"
format_conversion_csv_to_json	"已将 CSV 转换为 JSON。数据行：{rows}；表头列：{columns}。CSV 不携带类型，因此每个值都保留为 JSON 字符串，而不是猜测的数字或布尔值。\n\n```json\n{json}```\n往返检查：将输出的 JSON 重新解析后，每一行在每个表头列下的值都与来源 CSV 相同。"
format_conversion_json_identity	"该文本已经是 JSON，因此没有可转换的其他格式；这里将其解析后以两个空格缩进重新输出。\n\n```json\n{json}\n```\n往返检查：将输出的 JSON 重新解析后，得到了与输入相同的值和嵌套结构。"
format_conversion_reason_bad_json	"该文本被识别为 JSON，但无法解析（{detail}），因此我不会猜测转换结果。"
format_conversion_reason_csv	"该文本超出了支持的 CSV 子集（一行由唯一且非空名称组成的表头，之后至少一行具有相同数量的逗号分隔字段，双引号字段内的引号需成对重复），因此我不会猜测转换结果。"
format_conversion_reason_roundtrip	"转换已生成，但重新解析后未能精确还原输入，因此我不会展示可能错误的结果。"
format_conversion_reason_subset	"该文本超出了支持的 YAML 子集（块映射、块序列、两个空格缩进、标量），因此我不会猜测转换结果。"
format_conversion_refusal	"我不会猜测转换结果。{reason}"
format_conversion_to_json	"已将 YAML 转换为 JSON。子集，如实说明：块风格的映射和序列、两个空格缩进、标量（数字、布尔值、null、普通或带引号的字符串）；流风格、锚点、标签和多行标量会被拒绝，而不是猜测。\n\n```json\n{json}```\n往返检查：将输出的 JSON 重新解析后，得到了与输入 YAML 相同的值和嵌套结构。"
format_conversion_to_yaml	"已将 JSON 转换为 YAML。子集，如实说明：嵌套对象、数组、字符串、数字、布尔值、null——块风格，两个空格缩进；流风格、锚点、标签和多行标量不在其中。\n\n```yaml\n{yaml}```\n往返检查：用同一个子集解析器重新解析该 YAML，精确还原了输入的 JSON，因此该转换在子集内是可逆的。"
regex_anchor_note_anchored	"  - 用 ^ 和 $ 锚定，因此必须匹配整个字符串，而不仅仅是子串\n"
regex_anchor_note_unanchored	"  - 未锚定（请求要求匹配子串），因此该模式可在任意位置匹配\n"
regex_mapping_line	"  - '{label}' -> `{render}`{role}{separator}\n"
regex_note_separator	" 前面带有字面量 `{literal}`"
regex_problem_bad_repetition	"左花括号后缺少重复次数"
regex_problem_dangling_escape	"末尾的反斜杠没有转义任何内容"
regex_problem_unbalanced_class	"字符类方括号不匹配"
regex_problem_unbalanced_parens	"圆括号不匹配"
regex_problem_unclosed_repetition	"重复次数没有闭合"
regex_role_main	" (主体部分)"
regex_role_optional	" (可选分组)"
regex_role_required	" (必需分组)"
regex_synthesis_broken	"我不会猜测模式。这些约束组合成了 `{broken}`，它未通过结构验证（{problems}）。请重新说明数量——哪个字符类各多少个、用什么分隔——我会重新组合。"
regex_synthesis_execution_failed	"浏览器 worker 中的执行检查失败：{failures}。请不要依赖该模式；重新说明数量和分隔符，我会重新组合。"
regex_synthesis_execution_verified	"已在浏览器 worker 中通过执行验证：该模式由 JavaScript RegExp 引擎编译，匹配了从约束推导出的全部 {positive_count} 个正例（{positives}），并拒绝了全部 {negative_count} 个反例（{negatives}）。"
regex_synthesis_not_executed	"未通过执行验证：无法从这些约束推导出任何示例，因此没有对任何输入运行匹配。在依赖该模式之前，请在真实输入上测试它（用正则测试工具或单元测试）。"
regex_synthesis_pattern	"组合出的正则表达式：\n\n```regex\n{pattern}\n```\n\n约束的组合方式：\n{mapping}{anchor_note}\n结构已验证：分组平衡，每个重复都格式正确，每个字符类都已闭合。\n{execution}"
regex_synthesis_refusal	"我无法从这个请求中推导出可组合的约束，因此不会猜测模式。我根据字符类的数量（「五个数字」「两个字母」）、可选分组（「后面可选地跟一个连字符和四个数字」）以及分隔符（连字符、点、斜杠、冒号、逗号、下划线、空格）来组合模式。请明确说出字符类和数量，我就会组合出模式。"
regex_synthesis_witness_failed	"基于约束推导出的示例检查失败（+ 表示应当匹配的示例，- 表示不应匹配的示例）：{failures}。请不要依赖该模式；重新说明数量和分隔符，我会重新组合。"
regex_synthesis_witness_verified	"已用从约束推导出的示例验证：模式文本由 rust/src/solver_handlers/regex_witness.rs 中的子集匹配器匹配（锚点、字符类、分组和重复都从模式本身读取），接受了全部 {positive_count} 个正例（{positives}），拒绝了全部 {negative_count} 个反例（{negatives}）。没有运行你的任何输入；在依赖该模式之前，请在你的真实输入上测试它。"
shell_command_composed	"组合出的 shell 命令：\n\n    {command}\n\n来自 {package} 手册的参数：\n{flags}手册：{manual}\n\n推导：{derivation}\n未执行：这是组合出的建议——请自行运行并检查输出。"
shell_command_piped	"组合出的 shell 命令：\n\n    {command}\n\n来自 {package} 手册的参数：\n{flags}手册：{manual}\n\n通过管道传给 {pipe_tool}，参数来自 {pipe_package} 手册：\n{pipe_flags}手册：{pipe_manual}\n\n推导：{derivation}\n未执行：这是组合出的建议——请自行运行并检查输出。"
shell_compose_refusal	"这个请求看起来是 shell 任务，但 data/seed/manual-pages.lino 中没有任何手册条目涵盖它（已涵盖 find、ls、head、tail、grep、wc 和 sed），因此我不会猜测命令。请说明涉及哪些文件、大小、时间、路径、行数或模式，我会组合出命令。"
sql_synthesis_refusal	"我无法在这个请求中识别出表，因此不会猜测。请说出表名（「从 users 表」「选择所有 users」），我会组合出 SELECT。仅通过构造验证：没有对任何数据库运行。"
sql_synthesis_statement	"组合出的 SQL：\n\n    {statement}\n\n逐子句对应：\n{mapping}通过构造验证：上面的每个子句都对应请求中的一个约束，且该语句是一条标准语法的 SELECT。\n未通过执行验证：本项目不带 SQL 引擎或解析器依赖，因此没有运行任何内容——运行前请将列名与你的实际模式核对。"
test_generation_refusal	"识别到编写测试的请求，但无法确定被测函数——请说出它的名字，最好用反引号括起来，例如 `is_palindrome(s)`——因此我不会猜测测试用例。"
test_generation_suite	"生成的 pytest 测试套件（Python）。未执行——执行生成的测试不在此处范围内（属于 issue #1185 的范围）；请审阅这些用例，并自行用 `pytest -q` 运行。\n\n```python\n{suite}```\n\n推导：{derivation}"
test_generation_unknown_shape	"识别到为 `{function}` 编写测试的请求，但它的名字与测试用例表中的任何问题形状（{shapes}）都不匹配，请求中也没有给出带预期值的示例，因此我不会猜测它应返回什么。请以调用加预期值的形式给出示例，例如 `{function}(<input>) returns <expected>`，预期值可以是数字、带引号的字符串、列表、True、False 或 None，每个示例都会成为一个测试用例。"
