advice_forward_note	"相互竞争的建议按证据等级权重排序；两者冲突时，此处以较高等级为准，完整的相对概率属于 issue #1179 的 relative-meta-logic 工作。"
advice_guidance	"关于{topic}的分级证据指导：\n\n{items}\n加权方式，明确说明：{weighting}\n{forward_note}\n方法，如实说明：这些建议取自卫生主管机构的一手页面，并形式化为种子表；每条都附有引用和证据等级。本次运行处于离线状态，因此没有重新获取页面——请按引用查看最新措辞。"
advice_refusal	"这看起来是一个求建议的请求，但主题「{topic}」在种子表中没有形式化的建议（目前只有：睡眠），而且不会给出没有引用的建议。请说出表中的主题，或说明一个好的回答应当引用什么，来源登记后我会据此作答。"
brainstorming_candidates	"针对概念 {concepts} 的 {count} 个候选名称：\n\n{candidates}\n排序方式，明确说明：{metric}\n上面的每个候选都满足：{constraints}\n组合规则：{rules}\n没有查阅任何固定目录——候选名称由请求本身的主题词构成。没有查询商标注册库（本次运行处于离线状态），因此在确定名称前请先核实其可用性。"
brainstorming_constraints	"最多 {max_length} 个字符，可发音（含元音，不含数字）"
brainstorming_constraints_excluding	"最多 {max_length} 个字符，可发音（含元音，不含数字），排除包含 {excluded} 的词"
brainstorming_refusal	"这看起来是一个头脑风暴请求，但提取后没有留下任何主题词，所以我不会猜测。请说明名称或想法的主题（例如「为大学附近的一家咖啡店」），我会据此组合候选。"
creative_writing_gap	"{poem}\n返回前对生成的诗进行的约束检查：\n- 行数：{lines_got}（要求 {lines_want}）— {lines_check}\n- 包含主题词：{topic_check}\n押韵：{gap}\n方法，如实说明：按照给定的行数和主题约束创作的无韵自由诗；该语言的发音覆盖是已声明的缺口，而不是猜测。"
creative_writing_line_count_mismatch	"行数为 {lines_got}，但要求 {lines_want}"
creative_writing_poem	"{poem}\n返回前对生成的诗进行的约束检查：\n- 行数：{lines_got}（要求 {lines_want}）— {lines_check}\n- 韵式 {scheme}：{rhyme_check}\n- 包含主题词：{topic_check}\n方法，如实说明：基于 Wiktionary 发音数据中的「{rhyme_class}」韵类，通过约束满足创作（离线时仅支持 en）；格律未经机器验证，也没有使用风格模型。"
creative_writing_refusal	"我无法满足所述的形式约束（行数：{lines_want}，韵式：{scheme}，主题：{topic}），而违反既定约束的输出绝不会返回。请重新说明约束——减少行数，或取消押韵要求——我会重新创作。"
creative_writing_rhyme_class_mismatch	"第 {first} 和第 {second} 位必须押韵，但「{first_word}」（{first_class}）和「{second_word}」（{second_class}）属于不同的韵类"
creative_writing_rhyme_outside_classes	"第 {first} 或第 {second} 位以不属于任何韵类的词结尾"
creative_writing_rhyme_unwanted	"第 {first} 和第 {second} 位不应押韵，但两者都以韵类 {class} 结尾"
creative_writing_scheme_length_mismatch	"韵式 {scheme} 指定了 {positions} 个位置，但这首诗有 {lines} 行"
creative_writing_topic_absent	"缺少主题词「{topic}」"
creative_writing_unrhymed	"{poem}\n返回前对生成的诗进行的约束检查：\n- 行数：{lines_got}（要求 {lines_want}）— {lines_check}\n- 包含主题词：{topic_check}\n形式：没有要求韵式，因此不作押韵声明；所述格律（{syllables}）未经机器验证，也没有使用风格模型。"
planning_day_over_cap	"第 {day} 天有 {items} 项，超过上限 {cap}"
planning_feasibility	"各项之间没有重叠；已计入相邻两项之间的交通时间（同区 {travel_intra} 分钟，跨区 {travel_cross} 分钟）；每一项都在开放时间内；每天最多 {max_items} 项"
planning_infeasible	"{destination} 的 {days} 天日程未通过自身的可行性检查（{failures}），未通过检查的日程不会返回。请减少天数、地点或放宽类别，我会重新安排。"
planning_itinerary	"{destination} 的 {days} 天行程：\n\n{schedule}\n返回前对日程进行的可行性检查：{feasibility}\n上面每一项都附有其依据的事实；含有无引用条目的计划不会返回。\n{cache_note}\n方法，如实说明：在种子地点缓存的约束下排程（开放时间、游览时长、区内/跨区交通时间、一个午餐时段、每天最多四项、同一类别不连续出现两项）。没有运行 web search，也没有预订任何东西。"
planning_outside_hours	"{place} 不在 {hours} 范围内"
planning_overlap	"第 {day} 天：{second} 在 {first} 结束并加上路程之前就开始了"
planning_refusal	"这看起来是一个规划请求，但目的地「{destination}」在种子缓存中没有地点（目前有：{cached_destinations}），而含有无引用条目的计划不会返回。请说出缓存中的目的地，或列出你关心的地点，待它们连同来源一起入库后，我会按你的约束安排日程。"
planning_repeat_category	"第 {day} 天：连续两项都属于 {category} 类别"
planning_skip_over_cap	"{place}（超出每日上限）"
planning_skip_past_closing	"{place}（会超过其 {hours} 的关门时间）"
planning_skip_repeat_category	"{place}（会连续重复 {category} 类别）"
