code_example_no_program_shape	"没有任何分解后的 {language} 示例提供了执行其对齐输出调用的程序体"
code_example_parse_recognized_nothing	"meta-language 解析在 {language} 示例中没有识别出任何内容"
code_example_procedure_step	"提供该过程的{part}"
code_example_unbound_output_literal	"{language} 没有绑定输出字面量：需求中没有给出，该语言的示例也都没有提供"
compose_gap_not_cst_equal	"渲染出的 `{language}` 源码可以解析，但其网络序列化与组合出的不同，因此往返结果不是 CST 等价的"
compose_gap_render	"渲染环节拒绝了：{reason}"
compose_gap_syntax_invalid	"渲染出的源码不是有效的 `{language}` 解析结果"
cst_render_gap_engine_disabled	"meta-language 引擎（特性 `meta-language`）已禁用，因此无法渲染 `{language}`"
cst_render_gap_no_grammar_entry	"program-cst-grammars.lino 中没有任何 cst_grammar 条目指名 `{language}`，因此它不是已注册的渲染目标"
cst_render_gap_unknown_engine	"`{language}` 指定的引擎是 `{engine}`，而只有 meta_language 引擎能渲染"
derivation_record_missing	"{directory} 下没有 `{answer_id}` 的推导记录（答案 id 的形式为 `answer_<16 hex digits>`，在返回答案时创建）"
fact_check_code_references	"code:{site}（生产代码引用 {production} 处，测试引用 {test} 处）"
fact_check_code_test_only	"code：符号 {symbol} 仅在测试范围内被引用（{sites} 处）"
fact_check_git_last_touched	"git:log:{path}@{commit} {date}"
fact_check_git_value_never_present	"git:log:{path}（最近 {revisions} 个修订中都从未包含该值）"
formalization_derivation	"句子：{sentence}\n解析出的子句：{quantifier} {variable}（{antecedents}）\n后件：{consequent}\n模板：{templates}"
program_execution_notes_r	"2026-09-12 的参考机器上没有安装 R 工具链（data/meta/hello-world-languages.lino 将 r 列为九种未验证语言之一）；这次运行留待 CI 阶梯完成。"
program_execution_notes_swift	"hello.swift 在 2026-09-12 准确打印了 `Hello, World!`（data/meta/hello-world-languages.lino）；基于 swiftc 的检查配置仍未完成，因此上面的检查是解释器自身的解析。"
si_conversion_incompatible	"量纲不兼容：{from} 与 {to}"
si_conversion_unknown_unit	"未知单位：{unit}"
version_provenance_baseline	"{name} {tag}:（版本取自随附的基线，测量于 {fetched_at}）"
version_provenance_cache	"{name} {tag}:（版本取自缓存；fetched_at={fetched_at}）"
