code_example_no_program_shape	"ningún ejemplo descompuesto en {language} aportó un cuerpo de programa que haga su llamada de salida alineada"
code_example_parse_recognized_nothing	"el análisis de meta-language no reconoció nada en el ejemplo en {language}"
code_example_procedure_step	"aportar {part} del procedimiento"
code_example_unbound_output_literal	"no hay ningún literal de salida vinculado para {language}: el requisito no indica ninguno y ningún ejemplo en ese lenguaje lo aporta"
compose_gap_not_cst_equal	"el código fuente `{language}` generado se analiza, pero su serialización en la red difiere de la compuesta, así que la ida y vuelta no es igual en CST"
compose_gap_render	"la etapa de generación se negó: {reason}"
compose_gap_syntax_invalid	"el código fuente generado no es un análisis válido de `{language}`"
cst_render_gap_engine_disabled	"el motor meta-language (la característica `meta-language`) está desactivado, así que `{language}` no se puede generar"
cst_render_gap_no_grammar_entry	"ninguna entrada cst_grammar de program-cst-grammars.lino nombra `{language}`, así que no es un destino de generación registrado"
cst_render_gap_unknown_engine	"`{language}` nombra el motor `{engine}`, y solo el motor meta_language genera código"
derivation_record_missing	"no hay ningún registro de derivación para `{answer_id}` en {directory} (un id de respuesta tiene la forma `answer_<16 hex digits>` y se crea cuando se devuelve la respuesta)"
fact_check_code_references	"code:{site} ({production} referencias de producción, {test} de prueba)"
fact_check_code_test_only	"code: el símbolo {symbol} solo se referencia desde el ámbito de pruebas ({sites} sitios)"
fact_check_git_last_touched	"git:log:{path}@{commit} {date}"
fact_check_git_value_never_present	"git:log:{path} (ninguna de las {revisions} revisiones más recientes contuvo nunca el valor)"
formalization_derivation	"oración: {sentence}\ncláusula analizada: {quantifier} {variable} ({antecedents})\nconsecuente: {consequent}\nplantillas: {templates}"
program_execution_notes_r	"no había ninguna cadena de herramientas de R instalada en la máquina de referencia del 2026-09-12 (data/meta/hello-world-languages.lino incluye r entre los nueve sin verificar); la ejecución queda pendiente en la escalera de CI."
program_execution_notes_swift	"hello.swift imprimió exactamente `Hello, World!` el 2026-09-12 (data/meta/hello-world-languages.lino); todavía falta un perfil de comprobación basado en swiftc, así que la comprobación anterior es el propio análisis del intérprete."
si_conversion_incompatible	"dimensiones incompatibles: {from} frente a {to}"
si_conversion_unknown_unit	"unidad desconocida: {unit}"
version_provenance_baseline	"{name} {tag}: (versión tomada de la línea base incluida, medida el {fetched_at})"
version_provenance_cache	"{name} {tag}: (versión tomada de la caché; fetched_at={fetched_at})"
