installation_conversion_algorithm	"Algoritmo de conversión:\n1. Detectar la superficie de origen y las superficies de destino solicitadas.\n2. Extraer los pasos de instalación o despliegue con forma de comando en su orden original.\n3. Generar cada destino a partir de la misma representación intermedia de pasos de instalación.\n4. Conservar los comandos literalmente para que la conversión pueda hacer el viaje de ida y vuelta."
installation_conversion_heading	"Instrucciones de instalación convertidas para {project}."
installation_default_project	"el proyecto"
installation_formalized_meaning_heading	"Significado formalizado:"
installation_markdown_heading	"Guía de instalación de README.md:\n\n## Instalación"
installation_powershell_heading	"Script de PowerShell:"
installation_shell_heading	"Script de Bash:"
installation_step_build	"Compilar el proyecto"
installation_step_clone	"Clonar el repositorio"
installation_step_enter_directory	"Entrar en el directorio del proyecto"
installation_step_install	"Instalar las dependencias"
installation_step_probe	"Verificar la instalación"
installation_step_run_program	"Ejecutar {program}"
installation_step_run_verb	"Ejecutar el paso {verb} de {program}"
installation_step_start	"Iniciar la aplicación"
installation_step_verify	"Ejecutar el comando de verificación"
