external_benchmark_frontier_summary	"上一次定时运行中失败的每个上游基准用例，每个用例一个前沿提示，使学习循环依据账本评分所用的同一证据来提出种子表面（issue #1085 D5.1）。由 formal-ai benchmark run --frontier-record 重写；完全通过的测试集会被移除。由 formal-ai learn cycle --frontier upstream-benchmarks 重放。"
external_benchmark_frontier_written	"已写入上游失败前沿：{path}"
external_benchmark_stagnant_suite	"{suite}：passed={passed} 在切片 {slice} 上最近三次运行中均未变化（{first}、{second}、{third}）；停滞的测试集在有所变化之前都视为警告（issue #1085 D5.2）"
software_project_followup_approved	"计划已批准，因此生成的入门代码已包含这个测试框架。实际运行它需要 test_execution 和 network_access 闸门。"
software_project_followup_default_target	"请求的目标"
software_project_followup_heading_meaning	"形式化含义："
software_project_followup_heading_plan	"验证计划："
software_project_followup_heading_reasoning	"推理步骤："
software_project_followup_plan_assert	"针对夹具逐一断言每项需求（解析、提取、计数、摘要）。"
software_project_followup_plan_generate	"生成 {artifact} 核心以及带有已捕获 {site} 夹具的确定性测试框架。"
software_project_followup_plan_promote	"只有在 test_execution 和 network_access 闸门通过后，才将运行提升到真实的 {site}。"
software_project_followup_plan_run	"generated_code 闸门批准后，运行 {language} 测试命令。"
software_project_followup_plan_surface	"展示夹具运行得到的 {output}。"
software_project_followup_proposed	"回复 `approve plan` 以生成制品和这个测试框架。针对目标实际运行它需要 test_execution 和 network_access 闸门。"
software_project_followup_recorded	"已为当前计划中的 {artifact} 记录了一个 {kind} 后续步骤。"
software_project_followup_step_bind_site	"将测试目标绑定到 {site}，并让实时获取保持在 network_access 闸门之后。"
software_project_followup_step_fixture	"在任何宿主 API 或网络调用之前，先用确定性夹具驱动该制品。"
software_project_followup_step_gates	"将代码执行保持在批准闸门之后，因为沙箱无法运行不受信任的代码。"
software_project_followup_step_recognize	"将「{action}」识别为检验当前计划中 {artifact} 的 {kind} 请求，而不是事实查询。"
software_project_followup_step_record_output	"将预期输出记录为「{output}」，以便测试框架对其进行断言。"
