external_benchmark_frontier_summary	"पिछले scheduled run में विफल हुआ हर upstream benchmark case, हर case के लिए एक frontier prompt, ताकि learning cycle उन्हीं सबूतों से seed surfaces प्रस्तावित करे जिनसे ledger score करता है (issue #1085 D5.1)। formal-ai benchmark run --frontier-record से फिर से लिखा जाता है; पूरी तरह पास होने वाला suite हट जाता है। formal-ai learn cycle --frontier upstream-benchmarks से दोहराया जाता है।"
external_benchmark_frontier_written	"upstream failure frontier लिखा गया: {path}"
external_benchmark_stagnant_suite	"{suite}: passed={passed} पिछले तीन runs में slice {slice} पर नहीं बदला ({first}, {second}, {third}); रुका हुआ suite तब तक चेतावनी है जब तक वह आगे न बढ़े (issue #1085 D5.2)"
software_project_followup_approved	"योजना मंज़ूर है, इसलिए बनाए गए starter में यह test harness पहले से शामिल है। इसे live चलाने के लिए test_execution और network_access gates चाहिए।"
software_project_followup_default_target	"अनुरोधित target"
software_project_followup_heading_meaning	"औपचारिक अर्थ:"
software_project_followup_heading_plan	"सत्यापन योजना:"
software_project_followup_heading_reasoning	"तर्क के चरण:"
software_project_followup_plan_assert	"हर requirement (parsing, extraction, counting, summary) को fixture के विरुद्ध assert करें।"
software_project_followup_plan_generate	"{artifact} core और एक deterministic test harness बनाएँ, जिसमें {site} का captured fixture हो।"
software_project_followup_plan_promote	"test_execution और network_access gates पास होने के बाद ही run को live {site} पर ले जाएँ।"
software_project_followup_plan_run	"generated_code gate मंज़ूर होते ही {language} test command चलाएँ।"
software_project_followup_plan_surface	"Fixture run से {output} दिखाएँ।"
software_project_followup_proposed	"Artifact और यह test harness बनाने के लिए `approve plan` लिखकर जवाब दें। Target पर इसे live चलाने के लिए test_execution और network_access gates चाहिए।"
software_project_followup_recorded	"सक्रिय योजना के {artifact} के लिए एक {kind} follow-up दर्ज किया गया।"
software_project_followup_step_bind_site	"Test target को {site} से bind करें और live fetches को network_access gate के पीछे रखें।"
software_project_followup_step_fixture	"किसी भी host API या network call से पहले artifact को एक deterministic fixture से चलाएँ।"
software_project_followup_step_gates	"Code execution को approval gates के पीछे रखें, क्योंकि sandbox untrusted code नहीं चला सकता।"
software_project_followup_step_recognize	"«{action}» को एक {kind} अनुरोध के रूप में पहचानें जो सक्रिय योजना के {artifact} को परखता है, न कि किसी तथ्य की खोज।"
software_project_followup_step_record_output	"अपेक्षित output को «{output}» के रूप में दर्ज करें ताकि test harness उसे assert कर सके।"
