procedural_how_to_fallback_search	"`{query}` 的 fallback web search："
procedural_how_to_fallback_search_plan	"`{query}` 的 fallback web search 应使用 {providers} 和 reciprocal rank fusion（k = {k}）。"
procedural_how_to_official_search	"`{query}` 的官方文档 web search："
procedural_how_to_official_search_miss	"`{query}` 的官方文档 web search 没有返回排序后的指导；保留 `{fallback}` 作为通用的 how-to fallback。"
procedural_how_to_wikihow_disabled	"设置中已禁用 wikiHow。"
procedural_how_to_wikihow_miss	"wikiHow 候选 `{candidate}` 没有返回明确的步骤（{error}）。"
procedural_how_to_wikihow_returned	"wikiHow API 为候选 `{candidate}` 返回了 `{title}`。"
procedural_how_to_source_path_install_no_wikihow	"来源路径：Wikipedia -> Wikidata -> 官方文档 web search -> 社区 web search fallback -> recursive fetch check（设置中已禁用 wikiHow）。"
procedural_how_to_source_path_install_wikihow	"来源路径：Wikipedia -> Wikidata -> 官方文档 web search -> wikiHow API fallback -> 社区 web search fallback -> recursive fetch check。"
procedural_how_to_source_path_no_wikihow	"来源路径：Wikipedia -> Wikidata -> web search fallback -> recursive fetch check（设置中已禁用 wikiHow）。"
procedural_how_to_source_path_wikihow	"来源路径：Wikipedia -> Wikidata -> wikiHow API -> web search fallback -> recursive fetch check。"
