capability_gap	"Этот запрос направляется к возможности `{needed}`, но эта чат-поверхность не предоставляет нужный инструмент `{missing}`. Используйте агентский клиент, который его объявляет."
capability_gap_anchors	"\nОпорные элементы запроса, сохранённые для этого клиента: {anchors}."
compound_interest_conversion	"Конвертация: {source} -> {target}\n{expression} = {rate} {target}\n{amount} {source} * {rate} = {converted} {target}"
compound_interest_final_amount_conversion	"Конвертация итоговой суммы\nИсходная сумма: {amount} {source}"
compound_interest_live_rate_note	"Актуальность данных из сети здесь независимо не проверяется; используется источник курса валют, доступный через локальный калькулятор."
compound_interest_rate_detail	"Подробности курса: Обменный курс: 1 {source} = {rate} {target} (источник: по умолчанию (зашит в код))"
compound_interest_rate_unavailable	"Я рассчитал сумму в USD, но локально нет обменного курса {source}->{target}."
compound_interest_report	"Расчёт сложных процентов\n\nФормула: A = P(1 + r/n)^(n*t)\nP = {principal} USD\nr = {rate} ({percent}% годовых)\nn = {periods_per_year} ({frequency})\nt = {years} лет\n\nШаг 1: ставка за период = r/n = {rate}/{periods_per_year} = {periodic_rate}\nШаг 2: число периодов = n*t = {periods_per_year}*{years} = {periods}\nШаг 3: A = {principal} * (1 + {periodic_rate})^{periods}\nИтоговая сумма: {final_amount} USD"
concept_introspection	"Вот что я знаю о «{concept}»:\n\nintent: {concept}\nроль: сеть записывает «{concept}» как понятие с правилами и связями-примерами."
execution_failure	"Статус выполнения: сбой в изолированной песочнице.\n```python\n{function}()\n```\nTraceback (most recent call last):\n  File 'main.py', line 1, in <module>\nNameError: name '{function}' is not defined.\nТрассировка сбоя добавлена в журнал действий; см. ссылку на трассировку."
explain_previous_turn_answer	"Вот предыдущий ответ в более простой форме:\n\n{previous}"
explain_previous_turn_empty	"Пока нет предыдущей реплики ассистента, которую можно объяснить."
filter_user	"Под вашим пользовательским фильтром пока не записано ни одного факта. Отправьте запрос «запомни этот факт», чтобы начать свой личный список вкладов."
how_it_works_no_context	"Я ответил так, потому что запрос совпал с детерминированным правилом Links Notation. Чтобы спросить о конкретной теме, попробуйте «как работает X?», где X — известное мне понятие (например, «как работает Wikipedia?»). Доказательства и события трассировки добавлены в журнал; полную цепочку смотрите по ссылке на трассировку."
how_it_works_prior_topic	"Чтобы объяснить, как работает {term}: я знаю этот термин из предыдущего разговора, но подробного символьного правила для него пока нет. Добавьте факт Links Notation с описанием механизма и спросите снова."
network_snapshot	"Вот текущая сеть связей в виде снимка links-notation:\n\n```links\n{snapshot}\n```"
nl_tool_calculator_executed	"Статус выполнения: выполнено.\nВызов инструмента: calculator\nВвод: `{expression}`\nРезультат: {result}"
nl_tool_calculator_failed	"Статус выполнения: сбой.\nВызов инструмента: calculator\nВвод: `{expression}`\nОшибка: {error}"
nl_tool_javascript_report	"Статус выполнения: {status}.\nВызов инструмента: javascript_execution\nВывод: {result}"
nl_tool_requested_source	"{denial}\n\nЗапрошенный исходный код:\n```js\n{program}\n```"
nl_tool_web_search_planned	"Статус выполнения: запланировано.\nВызов инструмента: web_search\nЗапрос: `{query}`\nРезультат: план поиска записан с провайдерами {providers}; общее ранжирование использует reciprocal rank fusion (k = {k})."
response_language_demonstration	"{canonical} ({surface}): {demonstration}"
unit_incompatibility	"{unit_a} измеряет {dim_a}; {unit_b} измеряет {dim_b}. Это разные физические размерности, и их нельзя перевести друг в друга. Несовместимость записана в сети как связь `unit_incompatibility`."
