projection_refusal_dangling_capture	"захват привязал связь, которой нет в сети: {link}"
projection_refusal_missing_template	"правило {rule} совпало без шаблона {target}"
projection_refusal_no_target_form	"для этой конструкции нет формы {target}; она отклоняется, а не угадывается"
projection_refusal_placeholder_mode	"режим заполнителя `{mode}` не входит в text, source, term"
projection_refusal_uncovered_kind	"нет ни шаблона {target}, ни строки отказа"
projection_refusal_unknown_placeholder	"шаблон ссылается на `{placeholder}`, а это не та форма заполнителя, которую раскрывает этот обход"
projection_refusal_unruled_kind	"нет ни правила проекции, ни строки отказа для {target}"
projection_refusal_variadic_mode	"вариативный режим `{mode}` не входит в text, source"
projection_refusal_walk_depth	"обход проекции превысил глубину {depth}"
translate_leg_live	"{from} → {to}  работает"
translate_leg_pending	"{from} → {to}  ожидает (план 16 {leaf})"
translate_needs_from_to	"translate требует --from и --to (или --list, чтобы увидеть все направления)"
translate_needs_input	"translate {from} → {to} читает исходный файл: передайте --input PATH"
translate_pending	"translate {from} → {to} ожидает реализации: за него отвечает план 16 {leaf}"
translate_pending_docs	"translate {from} → {to} ожидает реализации: за него отвечает план 16 {leaf} (docs/case-studies/issue-1138/plans/16-js-ts-rust-cycle.md)"
translate_refused	"translate {from} → {to} отклонил {constructs}: seed проекций их не содержит, поэтому ничего не записано"
translate_same_roots	"{from} → {to} не является направлением: корни совпадают"
translate_source_invalid	"{path} не удаётся нормализовать в опорное представление: {reason}"
translate_source_missing	"{path}: по этому пути нет исходного файла для перевода"
translate_tool_schema	"Переводит исходный файл (или, без пути, всё дерево) между корнями js и ts через мета-опору; отказы называются явно и никогда не угадываются. Аргументы: from — js или ts, to — js или ts, path — строка, write — булево значение."
translate_unknown_from	"неизвестное --from '{from}': ожидается одно из rust, js, ts или meta"
translate_unknown_to	"неизвестное --to '{to}': ожидается одно из rust, js, ts или meta"
translate_write_empty	"корень {root} не содержит исходных файлов, которыми владеет этот этап, поэтому ничего не записано"
translate_write_refused	"ничего не записано; отклонено: {items}"
translate_write_refused_item	"{source}: {constructs}"
translate_write_unsupported	"запись {from} → {to} не является записью дерева, которую отображает эта ступень; только js ↔ ts"
translate_write_wrong_root	"{path}: --write отображает соседние корни js/ ↔ ts/; входной файл должен находиться в исходном корне"
translate_wrote	"переведено файлов: {files} (перенесено токенов: {tokens}); записано дерево {to}"
translate_wrote_file	"записан {target} из {source} (перенесено токенов: {carried})"
